"Total air emissions by greenhouse gas, sector and year"

"greenhouse gas","sector","1990","1991","1992","1993","1994","1995","1996","1997","1998","1999","2000","2001","2002","2003","2004","2005","2006","2007","2008","2009","2010","2011","2012","2013","2014","2015","2016","2017","2018","2019","2020","2021","2022","2023"
"Total Greenhouse Gases (kt CO2-eqv.)","NATIONAL TOTAL (excluding LULUCF, excluding international transports)",71203.3,71338.8,71022.5,71242.7,73749.3,73135.2,77030.2,72145.4,72526.6,69370.9,68131.8,68886.2,69501.1,69812.4,69132.8,66251.5,65901.0,64741.8,62344.5,58122.7,64123.2,59742.6,56829.5,55209.9,53481.9,53283.7,53198.3,52294.3,51434.3,50196.4,45981.9,47721.8,45215.4,44386.0
"Total Greenhouse Gases (kt CO2-eqv.)","NATIONAL TOTAL (excluding LULUCF, including international transports)",74942.3,75103.8,74935.1,75408.3,78554.0,78019.4,82142.9,78075.2,79334.1,76342.5,75005.4,75591.9,75361.1,77114.0,77559.7,74960.6,75120.3,74083.1,71747.4,67599.6,73220.4,67896.4,64623.9,62753.1,61492.3,61348.7,62200.6,62518.3,60125.1,60011.4,55346.9,56335.5,54146.8,51956.4
"Total Greenhouse Gases (kt CO2-eqv.)","NATIONAL TOTAL (including LULUCF, excluding international transports)",11863.2,12988.4,13579.8,17635.4,18592.5,17858.9,19616.0,13375.8,13129.6,9671.7,7135.6,6970.9,7929.0,9936.4,12551.2,8013.7,3068.8,1013.3,677.5,-2971.4,2322.2,-1186.7,-2295.3,-3807.6,-4299.4,-2033.0,756.6,5922.3,11653.5,10429.0,6630.6,11055.3,11601.4,13162.4
"Total Greenhouse Gases (kt CO2-eqv.)","NATIONAL TOTAL (including LULUCF, including international transports)",15602.2,16753.4,17492.4,21801.0,23397.2,22743.1,24728.6,19305.6,19937.0,16643.3,14009.2,13676.5,13789.1,17238.0,20978.0,16722.8,12288.1,10354.6,10080.4,6505.6,11419.3,6967.0,5499.1,3735.7,3710.9,6032.1,9758.9,16146.3,20344.3,20244.0,15995.5,19669.1,20532.8,20732.8
"Total Greenhouse Gases (kt CO2-eqv.)","OFF-ROAD VEHICLES AND OTHER MACHINERY, TOTAL",3682.5,3773.5,4176.6,3930.2,3962.2,3747.9,3605.7,3636.9,3618.2,3431.0,3249.3,3122.5,3294.5,3315.2,3333.4,3331.0,3314.2,3250.3,3172.6,3241.6,3279.1,3252.2,3163.7,3080.5,2971.8,2990.7,2791.1,2760.0,2659.3,2823.8,2828.2,2889.0,2592.0,2705.9
"Total Greenhouse Gases (kt CO2-eqv.)","WASTE, TOTAL",4275.1,4348.1,4361.5,4227.9,4081.4,4074.9,4046.2,4008.9,3950.6,3804.3,3698.2,3642.1,3446.5,3299.4,3281.3,3124.9,3018.3,2818.8,2523.1,2413.7,2281.6,2165.4,2022.4,1899.2,1761.5,1639.3,1558.2,1496.4,1398.7,1295.4,1232.7,1156.0,1103.0,1055.6
"Total Greenhouse Gases (kt CO2-eqv.)","ELECTRICITY AND DISTRICT HEATING, TOTAL",6414.3,7383.4,7863.7,7750.7,8352.7,7500.4,11571.6,7108.4,7892.8,6183.3,4908.1,5740.1,6754.3,7750.9,6698.4,5787.7,5871.1,5699.9,5337.9,6519.9,8527.4,6282.3,5670.6,5556.0,4392.2,4562.5,4941.7,4417.0,4844.1,4421.0,3384.3,4072.1,3998.2,3800.7
"Total Greenhouse Gases (kt CO2-eqv.)","INDUSTRY, TOTAL",20635.6,20329.4,19006.7,20169.9,21428.9,22220.4,22260.0,22302.6,22042.0,21071.3,21571.6,22337.1,22073.7,21673.9,21810.2,21058.0,21564.4,20781.2,20008.8,15666.4,19294.4,18155.1,17443.3,16621.3,16683.5,16415.4,16957.5,16986.6,16995.5,16334.4,14643.5,15772.6,15229.8,14786.6
"Total Greenhouse Gases (kt CO2-eqv.)","DOMESTIC TRANSPORT, TOTAL",19319.7,19183.7,20092.2,19324.1,19942.4,20032.4,19789.1,19869.9,19979.2,20314.6,20163.1,20286.7,20734.5,20944.5,21299.8,21571.4,21523.2,21799.4,21338.5,20843.2,21026.1,20655.2,19503.5,19083.5,18664.9,18752.1,18088.9,17693.9,17002.8,16874.1,15474.9,15478.9,13951.4,13855.6
"Total Greenhouse Gases (kt CO2-eqv.)","INTERNATIONAL TRANSPORT, TOTAL",3739.0,3765.0,3912.6,4165.6,4804.7,4884.2,5112.7,5929.8,6807.4,6971.6,6873.6,6705.7,5860.0,7301.6,8426.9,8709.1,9219.2,9341.3,9402.9,9477.0,9097.1,8153.7,7794.4,7543.3,8010.4,8065.1,9002.3,10224.0,8690.7,9814.9,9364.9,8613.8,8931.4,7570.4
"Total Greenhouse Gases (kt CO2-eqv.)","AGRICULTURE, TOTAL",7293.7,6978.5,6936.9,7247.9,7390.6,7201.9,7268.9,7311.6,7198.5,6978.0,6963.6,6897.9,6804.1,6683.2,6708.7,6547.6,6421.1,6433.5,6520.7,6289.6,6385.4,6357.6,6265.0,6333.4,6418.5,6432.3,6397.1,6514.5,6325.6,6346.9,6449.8,6328.6,6412.0,6317.8
"Total Greenhouse Gases (kt CO2-eqv.)","SOLVENT USE AND OTHER PRODUCT USE, TOTAL",344.8,301.9,298.5,339.4,339.8,486.3,552.7,775.8,834.4,1046.1,1154.9,1256.3,1324.4,1378.4,1526.7,1524.7,1505.0,1500.2,1559.5,1513.3,1521.3,1439.9,1489.0,1485.6,1507.0,1485.1,1516.9,1522.7,1408.2,1313.3,1216.3,1240.7,1208.8,1140.9
"Total Greenhouse Gases (kt CO2-eqv.)","HEATING OF HOUSES AND PREMISES, TOTAL",9237.6,9040.3,8286.5,8252.7,8251.4,7871.0,7936.1,7131.3,7010.9,6542.4,6423.1,5603.7,5069.0,4766.9,4474.3,3306.3,2683.7,2458.4,1883.3,1635.1,1808.0,1435.1,1272.0,1150.4,1082.5,1006.3,946.9,903.2,800.1,787.7,752.3,783.8,720.2,723.0
"Total Greenhouse Gases (kt CO2-eqv.)","LAND-USE, LAND-USE CHANGE AND FORESTRY (LULUCF), TOTAL",-59340.2,-58350.3,-57442.7,-53607.3,-55156.8,-55276.3,-57414.3,-58769.6,-59397.0,-59699.2,-60996.2,-61915.4,-61572.0,-59876.0,-56581.7,-58237.8,-62832.2,-63728.6,-61667.0,-61094.1,-61801.1,-60929.4,-59124.8,-59017.5,-57781.4,-55316.6,-52441.6,-46372.1,-39780.8,-39767.4,-39351.3,-36666.5,-33614.0,-31223.6
"Carbon Dioxide (CO2) (kt)","NATIONAL TOTAL (excluding LULUCF, excluding international transports)",57416.5,57664.0,57509.8,57516.8,59997.4,59487.3,63349.0,58355.3,58767.2,55936.6,54892.4,55782.3,56633.8,57221.0,56427.5,53787.5,53650.8,52878.8,50765.4,47143.3,53028.6,49113.8,46606.9,45105.9,43384.7,43310.1,43308.4,42355.4,41856.0,40772.5,36622.2,38568.0,36120.6,35543.5
"Carbon Dioxide (CO2) (kt)","NATIONAL TOTAL (excluding LULUCF, including international transports)",61105.0,61377.5,61367.1,61625.7,64737.2,64305.3,68392.0,64204.0,65481.1,62813.6,61673.2,62397.9,62414.6,64424.1,64742.3,62380.0,62746.8,62096.6,60045.6,56495.9,62005.0,57159.3,54297.3,52548.7,51287.5,51260.6,52186.3,52439.1,50421.3,50444.4,45844.8,47042.9,44916.1,42989.2
"Carbon Dioxide (CO2) (kt)","NATIONAL TOTAL (including LULUCF, excluding international transports)",-3660.1,-2398.0,-1633.6,2212.0,3144.9,2514.3,4244.3,-2111.1,-2309.7,-5453.9,-7792.7,-7817.4,-6618.6,-4323.0,-1811.9,-6111.0,-10832.6,-12474.6,-12512.9,-15518.9,-10357.2,-13342.7,-13990.9,-15383.9,-15914.3,-13510.6,-10645.7,-5548.2,439.4,-593.2,-4339.9,263.1,839.7,2649.1
"Carbon Dioxide (CO2) (kt)","NATIONAL TOTAL (including LULUCF, including international transports)",28.4,1315.5,2223.6,6320.9,7884.7,7332.3,9287.3,3737.6,4404.2,1423.1,-1011.9,-1201.8,-837.8,2880.2,6502.8,2481.6,-1736.7,-3256.8,-3232.7,-6166.4,-1380.7,-5297.1,-6300.5,-7941.0,-8011.5,-5560.2,-1767.8,4535.4,9004.7,9078.8,4882.6,8738.1,9635.2,10094.8
"Carbon Dioxide (CO2) (kt)","OFF-ROAD VEHICLES AND OTHER MACHINERY, TOTAL",3626.8,3714.7,4117.4,3877.2,3911.4,3698.0,3556.4,3588.4,3571.1,3384.9,3203.6,3078.7,3250.0,3271.1,3289.6,3288.1,3269.8,3205.6,3128.3,3196.7,3236.1,3209.7,3121.7,3039.0,2930.3,2948.9,2749.1,2717.3,2616.0,2779.3,2782.9,2842.8,2545.3,2659.5
"Carbon Dioxide (CO2) (kt)","WASTE, TOTAL",43.9,52.2,58.3,48.0,49.1,42.7,49.1,50.6,49.2,48.2,44.4,47.5,60.7,81.3,94.3,94.9,88.9,98.5,102.7,105.5,100.2,105.4,126.3,123.8,122.2,118.8,123.3,132.3,127.9,119.8,112.9,126.8,111.2,115.9
"Carbon Dioxide (CO2) (kt)","ELECTRICITY AND DISTRICT HEATING, TOTAL",6305.0,7250.3,7724.3,7606.1,8209.0,7353.2,11383.4,6958.0,7730.5,6028.5,4757.1,5563.6,6565.7,7549.7,6472.8,5553.2,5633.2,5453.3,5078.8,6247.3,8226.2,6016.5,5410.2,5281.0,4144.8,4303.9,4688.3,4150.5,4575.8,4170.0,3183.7,3838.8,3772.2,3580.1
"Carbon Dioxide (CO2) (kt)","INDUSTRY, TOTAL",19049.0,18681.0,17537.6,18658.1,19891.6,20712.1,20836.9,20912.5,20593.9,19680.3,20281.9,21148.5,20899.6,20567.0,20691.3,19884.4,20404.0,19767.5,19103.6,15016.9,18493.3,17584.3,16969.5,16208.5,16247.6,16042.9,16564.5,16607.6,16611.2,15978.9,14298.8,15429.3,14910.1,14483.1
"Carbon Dioxide (CO2) (kt)","DOMESTIC TRANSPORT, TOTAL",18981.9,18839.8,19747.2,18989.4,19601.7,19689.9,19453.3,19539.5,19672.8,20010.8,19928.6,20070.6,20532.7,20753.7,21119.5,21396.9,21356.7,21640.7,21181.6,20689.3,20869.0,20500.8,19348.9,18924.1,18500.1,18576.3,17899.5,17496.4,16793.6,16653.8,15254.7,15248.1,13731.1,13649.4
"Carbon Dioxide (CO2) (kt)","INTERNATIONAL TRANSPORT, TOTAL",3688.5,3713.5,3857.3,4108.9,4739.9,4818.1,5042.9,5848.7,6713.9,6877.0,6780.8,6615.6,5780.8,7203.2,8314.8,8592.5,9095.9,9217.8,9280.2,9352.5,8976.4,8045.5,7690.4,7442.8,7902.7,7950.5,8877.9,10083.7,8565.3,9672.0,9222.6,8474.9,8795.6,7445.7
"Carbon Dioxide (CO2) (kt)","AGRICULTURE, TOTAL",177.8,140.5,112.9,134.4,161.2,172.9,197.3,178.4,133.8,160.3,159.7,140.0,133.3,129.9,123.2,116.5,89.6,115.6,104.6,114.5,123.8,123.9,142.1,142.6,123.3,124.5,128.1,127.5,128.5,122.8,122.6,122.8,139.2,145.7
"Carbon Dioxide (CO2) (kt)","SOLVENT USE AND OTHER PRODUCT USE, TOTAL",180.3,134.2,113.6,141.5,106.9,140.8,131.1,177.8,175.1,239.0,251.6,277.8,273.1,257.2,316.5,299.6,274.4,284.5,324.3,283.7,315.3,283.3,353.1,370.3,359.6,310.1,333.1,343.2,309.1,266.8,217.7,281.6,288.2,282.9
"Carbon Dioxide (CO2) (kt)","HEATING OF HOUSES AND PREMISES, TOTAL",9051.9,8851.3,8098.5,8062.1,8066.4,7677.6,7741.5,6950.1,6840.8,6384.6,6265.5,5455.7,4918.6,4611.0,4320.2,3153.9,2534.2,2313.1,1741.6,1489.4,1664.7,1290.0,1135.0,1016.6,956.7,884.8,822.5,780.7,693.7,681.1,648.9,677.7,623.3,626.9
"Carbon Dioxide (CO2) (kt)","LAND-USE, LAND-USE CHANGE AND FORESTRY (LULUCF), TOTAL",-61076.6,-60062.0,-59143.4,-55304.8,-56852.5,-56973.0,-59104.7,-60466.4,-61076.9,-61390.5,-62685.1,-63599.7,-63252.4,-61544.0,-58239.5,-59898.4,-64483.5,-65353.4,-63278.3,-62662.2,-63385.8,-62456.4,-60597.8,-60489.7,-59299.0,-56820.8,-53954.1,-47903.6,-41416.6,-41365.6,-40962.2,-38304.9,-35280.9,-32894.4
"Biogenic carbon dioxide (CO2) from fuels (kt)","NATIONAL TOTAL (excluding LULUCF, excluding international transports)",22879.5,25569.2,26433.0,28119.2,30425.7,31347.4,33369.7,33078.6,33265.8,33146.4,31475.1,35410.1,36905.7,37051.6,38400.5,39388.3,41170.1,42651.1,43961.5,44492.6,49431.4,45198.8,46286.8,47222.1,45879.2,47326.0,49718.4,51391.8,50505.1,51186.7,50447.9,53104.0,53633.0,52288.9
"Biogenic carbon dioxide (CO2) from fuels (kt)","NATIONAL TOTAL (excluding LULUCF, including international transports)",22879.5,25569.2,26433.0,28119.2,30425.7,31347.4,33369.7,33078.6,33265.8,33146.4,31475.1,35410.1,36905.7,37051.6,38400.5,39388.3,41170.1,42651.1,43961.5,44492.6,49431.4,45198.8,46286.8,47222.1,45879.2,47326.0,49718.4,51391.8,50505.5,51189.3,50449.3,53113.0,53651.6,52322.1
"Biogenic carbon dioxide (CO2) from fuels (kt)","NATIONAL TOTAL (including LULUCF, excluding international transports)",22879.5,25569.2,26433.0,28119.2,30425.7,31347.4,33369.7,33078.6,33265.8,33146.4,31475.1,35410.1,36905.7,37051.6,38400.5,39388.3,41170.1,42651.1,43961.5,44492.6,49431.4,45198.8,46286.8,47222.1,45879.2,47326.0,49718.4,51391.8,50505.1,51186.7,50447.9,53104.0,53633.0,52288.9
"Biogenic carbon dioxide (CO2) from fuels (kt)","NATIONAL TOTAL (including LULUCF, including international transports)",22879.5,25569.2,26433.0,28119.2,30425.7,31347.4,33369.7,33078.6,33265.8,33146.4,31475.1,35410.1,36905.7,37051.6,38400.5,39388.3,41170.1,42651.1,43961.5,44492.6,49431.4,45198.8,46286.8,47222.1,45879.2,47326.0,49718.4,51391.8,50505.5,51189.3,50449.3,53113.0,53651.6,52322.1
"Biogenic carbon dioxide (CO2) from fuels (kt)","OFF-ROAD VEHICLES AND OTHER MACHINERY, TOTAL",..,..,..,..,..,..,..,..,7.5,8.1,4.2,3.3,5.2,8.1,14.8,15.7,46.2,77.7,94.3,116.7,119.7,145.3,204.1,265.2,384.3,483.7,643.1,721.3,775.9,784.2,829.8,923.6,1082.8,1014.9
"Biogenic carbon dioxide (CO2) from fuels (kt)","WASTE, TOTAL",..,..,..,..,..,..,..,..,..,..,..,..,..,39.6,46.0,46.2,43.3,48.0,50.1,52.5,51.8,55.9,35.9,33.7,33.3,32.0,25.1,25.1,25.5,24.3,23.2,28.8,23.7,23.4
"Biogenic carbon dioxide (CO2) from fuels (kt)","ELECTRICITY AND DISTRICT HEATING, TOTAL",2280.8,2720.0,2700.5,3954.9,4972.3,6063.2,8508.7,7183.1,7593.4,8199.3,7954.6,9483.5,10426.9,11381.7,10939.3,12397.2,12794.9,13048.6,14450.4,15424.0,17465.3,15469.8,15970.2,16361.8,15119.7,15296.3,16408.8,16915.1,16721.4,16929.3,15343.0,18503.4,17559.0,17200.3
"Biogenic carbon dioxide (CO2) from fuels (kt)","INDUSTRY, TOTAL",16040.0,18177.6,19009.7,19234.8,20768.7,20364.6,19860.5,21181.7,21282.3,20671.8,19158.2,21624.8,21863.4,20415.5,22081.4,21381.6,22847.3,23425.3,23047.1,22197.6,25064.6,22471.3,22885.7,23258.5,22849.9,23615.5,23778.3,24332.2,23827.0,24540.9,25441.4,24458.0,25385.6,24829.1
"Biogenic carbon dioxide (CO2) from fuels (kt)","DOMESTIC TRANSPORT, TOTAL",2.2,3.1,4.0,4.6,6.9,9.5,13.7,17.5,45.9,50.8,58.9,80.9,140.6,251.1,450.0,467.8,635.8,826.3,995.6,1040.4,1130.0,1326.7,1579.4,1840.7,2393.0,2866.5,3644.0,4128.7,4513.4,4321.2,4277.8,4601.7,5245.1,4884.3
"Biogenic carbon dioxide (CO2) from fuels (kt)","INTERNATIONAL TRANSPORT, TOTAL",..,..,..,..,..,..,..,..,..,..,..,..,..,..,..,..,..,..,..,..,..,..,..,..,..,..,..,..,0.4,2.5,1.4,9.0,18.6,33.2
"Biogenic carbon dioxide (CO2) from fuels (kt)","AGRICULTURE, TOTAL",..,..,..,..,..,..,..,..,..,..,..,..,..,..,..,..,..,..,..,..,..,..,..,..,..,..,..,..,..,..,..,..,..,..
"Biogenic carbon dioxide (CO2) from fuels (kt)","SOLVENT USE AND OTHER PRODUCT USE, TOTAL",..,..,..,..,..,..,..,..,..,..,..,..,..,..,..,..,..,..,..,..,..,..,..,..,..,..,..,..,..,..,..,..,..,..
"Biogenic carbon dioxide (CO2) from fuels (kt)","HEATING OF HOUSES AND PREMISES, TOTAL",4556.4,4668.5,4718.8,4924.9,4677.7,4910.1,4986.7,4696.4,4336.7,4216.4,4299.2,4217.6,4469.6,4955.6,4868.9,5079.7,4802.6,5225.2,5324.1,5661.5,5600.0,5729.8,5611.5,5462.1,5099.2,5032.0,5219.1,5269.5,4641.9,4586.7,4532.7,4588.4,4336.9,4336.9
"Biogenic carbon dioxide (CO2) from fuels (kt)","LAND-USE, LAND-USE CHANGE AND FORESTRY (LULUCF), TOTAL",..,..,..,..,..,..,..,..,..,..,..,..,..,..,..,..,..,..,..,..,..,..,..,..,..,..,..,..,..,..,..,..,..,..
"Methane (CH4) (t)","NATIONAL TOTAL (excluding LULUCF, excluding international transports)",302602.4,302379.3,307710.1,306650.2,304106.4,300642.5,301129.3,298575.8,294368.8,286796.0,280264.9,277602.2,267450.3,258909.5,259850.7,251975.3,247317.3,237115.0,226004.2,220060.1,215899.0,209531.9,202058.8,198215.3,192666.4,187855.3,185431.7,183907.4,180374.7,174862.2,171833.2,169973.7,168247.8,165853.1
"Methane (CH4) (t)","NATIONAL TOTAL (excluding LULUCF, including international transports)",302635.3,302410.6,307740.8,306683.9,304144.4,300688.5,301171.5,298622.1,294422.7,286850.4,280315.9,277650.2,267491.0,258959.9,259909.7,252036.3,247383.9,237180.5,226077.1,220133.1,215967.8,209595.1,202119.3,198274.0,192727.5,187908.1,185492.2,183973.8,180780.9,175336.0,172316.9,170508.2,168664.9,166600.4
"Methane (CH4) (t)","NATIONAL TOTAL (including LULUCF, excluding international transports)",324590.5,324203.3,329409.1,328257.8,325677.5,322096.7,322429.0,320132.2,315346.7,307865.0,301201.8,298437.9,288235.5,279603.7,280373.1,272416.1,267865.3,257046.9,246061.6,239288.9,234986.1,228309.3,220335.5,216522.6,211983.2,205929.5,203613.3,202095.1,200926.7,193445.1,190414.5,188705.1,187380.7,184974.3
"Methane (CH4) (t)","NATIONAL TOTAL (including LULUCF, including international transports)",324623.4,324234.7,329439.8,328291.5,325715.5,322142.7,322471.1,320178.6,315400.6,307919.4,301252.7,298485.9,288276.2,279654.1,280432.1,272477.1,267932.0,257112.4,246134.5,239362.0,235055.0,228372.5,220396.0,216581.3,212044.2,205982.3,203673.9,202161.5,201332.9,193918.9,190898.2,189239.7,187797.8,185721.6
"Methane (CH4) (t)","OFF-ROAD VEHICLES AND OTHER MACHINERY, TOTAL",501.9,508.6,505.6,490.7,487.6,488.6,486.2,486.7,485.9,485.0,478.3,471.2,475.6,475.9,477.3,468.3,510.8,526.8,533.4,515.9,487.9,452.8,416.9,385.1,367.5,355.3,351.2,347.9,340.9,330.7,324.8,319.9,309.6,285.5
"Methane (CH4) (t)","WASTE, TOTAL",143758.3,146029.7,146258.3,141767.6,136407.5,136249.7,135145.4,133896.0,131939.1,126726.5,123045.7,120977.8,113539.1,107470.7,106380.0,100261.9,96669.4,89127.1,78296.7,74167.3,69788.8,65178.8,59657.2,55478.2,50767.1,46729.7,43668.1,41208.5,38127.0,34597.2,32425.2,29208.6,27909.9,26223.0
"Methane (CH4) (t)","ELECTRICITY AND DISTRICT HEATING, TOTAL",408.6,490.2,497.7,612.5,704.9,777.2,1045.3,875.2,949.7,945.0,912.6,1100.0,1176.2,1270.9,1318.9,1439.3,1469.3,1503.1,1653.8,1774.8,2007.6,1741.0,1778.2,1786.0,1616.7,1642.1,1775.0,1786.9,1784.6,1771.3,1580.2,1926.1,1848.9,1811.6
"Methane (CH4) (t)","INDUSTRY, TOTAL",6256.7,6842.3,6948.0,7019.8,7183.6,6674.9,6560.1,6429.4,6560.1,6385.1,6129.1,6630.5,6323.9,5618.6,6115.5,5799.9,5733.5,5857.2,5264.5,5354.4,5408.1,5047.9,5112.4,4802.7,4397.1,4195.2,4378.1,4144.2,4578.2,3893.2,3941.7,4159.0,3851.5,3656.4
"Methane (CH4) (t)","DOMESTIC TRANSPORT, TOTAL",6490.7,6778.9,6342.0,5558.3,5772.6,5315.2,5194.0,4709.5,4472.1,4159.9,3691.8,3456.3,3213.2,3004.6,2779.7,2605.6,2419.8,2237.9,2084.1,1953.2,1849.4,1656.1,1329.3,1258.9,1192.5,1191.6,1225.1,1193.0,1203.6,1578.0,1889.8,2121.4,1667.6,1325.5
"Methane (CH4) (t)","INTERNATIONAL TRANSPORT, TOTAL",32.8,31.3,30.7,33.7,38.0,46.0,42.1,46.4,53.9,54.4,50.9,48.0,40.7,50.4,59.1,61.0,66.7,65.5,72.9,73.0,68.9,63.2,60.5,58.7,61.1,52.8,60.6,66.4,406.2,473.8,483.7,534.5,417.1,747.3
"Methane (CH4) (t)","AGRICULTURE, TOTAL",140852.9,137297.1,142714.5,146727.5,149182.9,146519.9,148059.8,147855.6,145860.1,144406.5,142341.6,141546.9,139264.0,137569.5,139286.0,137963.4,137046.9,134658.9,135093.5,133187.3,133305.8,132375.9,130924.3,131699.1,131665.3,131223.0,131462.8,132736.8,132196.5,130511.9,129590.0,130080.7,130742.5,130662.0
"Methane (CH4) (t)","SOLVENT USE AND OTHER PRODUCT USE, TOTAL",..,..,..,..,..,..,..,..,..,..,..,..,..,..,..,..,..,..,..,..,..,..,..,..,..,..,..,..,..,..,..,..,..,..
"Methane (CH4) (t)","HEATING OF HOUSES AND PREMISES, TOTAL",4333.3,4432.6,4444.1,4473.9,4367.4,4617.0,4638.5,4323.3,4101.6,3688.1,3665.8,3419.5,3458.3,3499.3,3493.2,3437.0,3467.6,3204.0,3078.3,3107.2,3051.3,3079.5,2840.5,2805.4,2660.3,2518.5,2571.4,2490.2,2143.8,2180.0,2081.5,2157.9,1917.8,1889.1
"Methane (CH4) (t)","LAND-USE, LAND-USE CHANGE AND FORESTRY (LULUCF), TOTAL",21988.1,21824.0,21699.0,21607.6,21571.1,21454.1,21299.7,21556.4,20977.9,21069.0,20936.8,20835.7,20785.2,20694.2,20522.4,20440.7,20548.1,19931.9,20057.3,19228.9,19087.2,18777.4,18276.7,18307.3,19316.8,18074.2,18181.6,18187.7,20552.1,18582.8,18581.3,18731.5,19132.9,19121.2
"Nitrous Oxide (N2O) (kt CO2-eqv.)","NATIONAL TOTAL (excluding LULUCF, excluding international transports)",4692.2,4576.7,4429.6,4601.9,4622.4,4483.6,4491.3,4522.4,4566.2,4268.0,4205.9,4068.8,4007.8,3942.4,3948.7,3842.1,3788.1,3648.7,3772.1,3616.7,3751.1,3472.3,3416.4,3450.6,3542.2,3568.6,3534.0,3668.0,3451.8,3510.6,3562.1,3458.3,3493.6,3370.9
"Nitrous Oxide (N2O) (kt CO2-eqv.)","NATIONAL TOTAL (excluding LULUCF, including international transports)",4741.8,4627.3,4484.0,4657.7,4686.2,4548.5,4559.8,4602.2,4658.2,4361.1,4297.3,4157.6,4085.9,4039.5,4059.2,3956.9,3909.5,3770.3,3892.9,3739.1,3869.9,3578.7,3518.7,3549.4,3648.1,3681.7,3656.7,3806.5,3565.9,3640.3,3690.9,3582.2,3617.7,3474.7
"Nitrous Oxide (N2O) (kt CO2-eqv.)","NATIONAL TOTAL (including LULUCF, excluding international transports)",5813.0,5677.2,5522.7,5694.4,5714.1,5579.6,5585.3,5615.7,5658.7,5369.3,5308.6,5169.7,5106.2,5030.9,5031.8,4930.3,4864.0,4715.5,4821.9,4646.4,4801.4,4473.6,4377.7,4410.2,4519.0,4566.6,4537.4,4690.3,4512.2,4588.6,4652.7,4572.2,4624.7,4506.4
"Nitrous Oxide (N2O) (kt CO2-eqv.)","NATIONAL TOTAL (including LULUCF, including international transports)",5862.5,5727.8,5577.1,5750.2,5777.9,5644.4,5653.9,5695.5,5750.7,5462.4,5400.0,5258.5,5184.3,5128.0,5142.3,5045.2,4985.4,4837.1,4942.6,4768.8,4920.1,4580.0,4480.0,4509.0,4624.9,4679.8,4660.1,4828.8,4626.2,4718.3,4781.5,4696.1,4748.9,4610.2
"Nitrous Oxide (N2O) (kt CO2-eqv.)","OFF-ROAD VEHICLES AND OTHER MACHINERY, TOTAL",41.6,44.6,45.0,39.2,37.1,36.2,35.6,34.8,33.5,32.6,32.3,30.6,31.2,30.8,30.4,29.7,30.1,29.9,29.4,30.4,29.3,29.8,30.3,30.6,31.2,31.9,32.2,33.0,33.8,35.2,36.2,37.3,38.1,38.4
"Nitrous Oxide (N2O) (kt CO2-eqv.)","WASTE, TOTAL",206.0,207.1,207.9,210.3,212.9,217.2,213.0,209.2,207.2,207.8,208.5,207.2,206.7,208.9,208.4,222.7,222.6,224.8,228.1,231.5,227.3,234.9,225.7,222.0,217.8,212.0,212.2,210.3,203.2,206.9,211.8,211.4,210.3,205.5
"Nitrous Oxide (N2O) (kt CO2-eqv.)","ELECTRICITY AND DISTRICT HEATING, TOTAL",97.9,119.4,125.5,127.5,123.9,125.5,159.0,125.9,135.8,128.3,125.4,145.7,155.7,165.6,188.6,194.2,196.8,204.5,212.9,222.9,245.0,217.1,210.5,224.9,202.1,212.6,203.7,216.5,218.3,201.4,156.4,179.4,174.2,169.8
"Nitrous Oxide (N2O) (kt CO2-eqv.)","INDUSTRY, TOTAL",877.0,916.8,900.2,883.6,872.6,814.8,785.3,779.3,849.5,768.2,730.9,617.9,568.8,554.7,552.0,553.0,581.0,392.1,409.1,435.4,450.2,212.3,236.0,221.8,223.8,206.5,222.6,217.0,200.3,201.2,175.0,181.2,176.6,169.0
"Nitrous Oxide (N2O) (kt CO2-eqv.)","DOMESTIC TRANSPORT, TOTAL",156.1,154.1,167.5,179.1,179.0,193.7,190.3,198.6,181.1,187.3,131.1,119.3,111.8,106.6,102.5,101.6,98.7,96.0,98.5,99.1,105.3,108.1,117.4,124.2,131.4,142.4,155.1,164.0,175.5,176.1,167.3,171.4,173.6,169.1
"Nitrous Oxide (N2O) (kt CO2-eqv.)","INTERNATIONAL TRANSPORT, TOTAL",49.6,50.6,54.4,55.8,63.8,64.8,68.6,79.8,92.0,93.1,91.4,88.8,78.1,97.1,110.5,114.8,121.4,121.6,120.7,122.4,118.8,106.4,102.3,98.8,105.9,113.1,122.7,138.5,114.1,129.7,128.8,123.9,124.2,103.8
"Nitrous Oxide (N2O) (kt CO2-eqv.)","AGRICULTURE, TOTAL",3172.1,2993.7,2828.0,3005.1,3052.2,2926.4,2925.9,2993.3,2980.6,2774.3,2818.4,2794.6,2771.4,2701.3,2685.4,2568.1,2494.2,2547.5,2633.5,2445.8,2529.1,2527.2,2457.0,2503.3,2608.5,2633.6,2588.0,2670.3,2495.5,2569.8,2698.7,2563.5,2612.0,2513.5
"Nitrous Oxide (N2O) (kt CO2-eqv.)","SOLVENT USE AND OTHER PRODUCT USE, TOTAL",77.1,76.1,92.0,91.7,81.9,105.7,117.4,121.1,123.2,115.0,104.4,101.2,108.7,116.6,125.0,116.7,112.2,98.2,105.2,92.8,107.1,84.0,82.1,68.4,76.0,78.6,67.8,104.0,78.8,74.6,71.6,68.5,65.5,62.4
"Nitrous Oxide (N2O) (kt CO2-eqv.)","HEATING OF HOUSES AND PREMISES, TOTAL",64.4,64.9,63.6,65.4,62.8,64.1,64.8,60.1,55.3,54.5,55.0,52.2,53.5,57.9,56.3,56.1,52.4,55.6,55.5,58.7,57.9,58.8,57.4,55.3,51.3,51.0,52.4,52.8,46.4,45.5,45.1,45.7,43.2,43.2
"Nitrous Oxide (N2O) (kt CO2-eqv.)","LAND-USE, LAND-USE CHANGE AND FORESTRY (LULUCF), TOTAL",1120.8,1100.6,1093.2,1092.5,1091.7,1095.9,1094.0,1093.3,1092.5,1101.3,1102.7,1100.9,1098.4,1088.5,1083.1,1088.2,1075.9,1066.8,1049.8,1029.7,1050.3,1001.3,961.3,959.7,976.8,998.0,1003.4,1022.3,1060.4,1077.9,1090.6,1113.9,1131.2,1135.4
"Methane (CH4) (kt CO2-eqv.)","NATIONAL TOTAL (excluding LULUCF, excluding international transports)",8472.9,8466.6,8615.9,8586.2,8515.0,8418.0,8431.6,8360.1,8242.3,8030.3,7847.4,7772.9,7488.6,7249.5,7275.8,7055.3,6924.9,6639.2,6328.1,6161.7,6045.2,5866.9,5657.6,5550.0,5394.7,5259.9,5192.1,5149.4,5050.5,4896.1,4811.3,4759.3,4710.9,4643.9
"Methane (CH4) (kt CO2-eqv.)","NATIONAL TOTAL (excluding LULUCF, including international transports)",8473.8,8467.5,8616.7,8587.1,8516.0,8419.3,8432.8,8361.4,8243.8,8031.8,7848.8,7774.2,7489.7,7250.9,7277.5,7057.0,6926.8,6641.1,6330.2,6163.7,6047.1,5868.7,5659.3,5551.7,5396.4,5261.4,5193.8,5151.3,5061.9,4909.4,4824.9,4774.2,4722.6,4664.8
"Methane (CH4) (kt CO2-eqv.)","NATIONAL TOTAL (including LULUCF, excluding international transports)",9088.5,9077.7,9223.5,9191.2,9119.0,9018.7,9028.0,8963.7,8829.7,8620.2,8433.6,8356.3,8070.6,7828.9,7850.4,7627.7,7500.2,7197.3,6889.7,6700.1,6579.6,6392.7,6169.4,6062.6,5935.5,5766.0,5701.2,5658.7,5625.9,5416.5,5331.6,5283.7,5246.7,5179.3
"Methane (CH4) (kt CO2-eqv.)","NATIONAL TOTAL (including LULUCF, including international transports)",9089.5,9078.6,9224.3,9192.2,9120.0,9020.0,9029.2,8965.0,8831.2,8621.7,8435.1,8357.6,8071.7,7830.3,7852.1,7629.4,7502.1,7199.1,6891.8,6702.1,6581.5,6394.4,6171.1,6064.3,5937.2,5767.5,5702.9,5660.5,5637.3,5429.7,5345.1,5298.7,5258.3,5200.2
"Methane (CH4) (kt CO2-eqv.)","OFF-ROAD VEHICLES AND OTHER MACHINERY, TOTAL",14.1,14.2,14.2,13.7,13.7,13.7,13.6,13.6,13.6,13.6,13.4,13.2,13.3,13.3,13.4,13.1,14.3,14.8,14.9,14.4,13.7,12.7,11.7,10.8,10.3,9.9,9.8,9.7,9.5,9.3,9.1,9.0,8.7,8.0
"Methane (CH4) (kt CO2-eqv.)","WASTE, TOTAL",4025.2,4088.8,4095.2,3969.5,3819.4,3815.0,3784.1,3749.1,3694.3,3548.3,3445.3,3387.4,3179.1,3009.2,2978.6,2807.3,2706.7,2495.6,2192.3,2076.7,1954.1,1825.0,1670.4,1553.4,1421.5,1308.4,1222.7,1153.8,1067.6,968.7,907.9,817.8,781.5,734.2
"Methane (CH4) (kt CO2-eqv.)","ELECTRICITY AND DISTRICT HEATING, TOTAL",11.4,13.7,13.9,17.1,19.7,21.8,29.3,24.5,26.6,26.5,25.6,30.8,32.9,35.6,36.9,40.3,41.1,42.1,46.3,49.7,56.2,48.7,49.8,50.0,45.3,46.0,49.7,50.0,50.0,49.6,44.2,53.9,51.8,50.7
"Methane (CH4) (kt CO2-eqv.)","INDUSTRY, TOTAL",175.2,191.6,194.5,196.6,201.1,186.9,183.7,180.0,183.7,178.8,171.6,185.7,177.1,157.3,171.2,162.4,160.5,164.0,147.4,149.9,151.4,141.3,143.1,134.5,123.1,117.5,122.6,116.0,128.2,109.0,110.4,116.5,107.8,102.4
"Methane (CH4) (kt CO2-eqv.)","DOMESTIC TRANSPORT, TOTAL",181.7,189.8,177.6,155.6,161.6,148.8,145.4,131.9,125.2,116.5,103.4,96.8,90.0,84.1,77.8,73.0,67.8,62.7,58.4,54.7,51.8,46.4,37.2,35.2,33.4,33.4,34.3,33.4,33.7,44.2,52.9,59.4,46.7,37.1
"Methane (CH4) (kt CO2-eqv.)","INTERNATIONAL TRANSPORT, TOTAL",0.9,0.9,0.9,0.9,1.1,1.3,1.2,1.3,1.5,1.5,1.4,1.3,1.1,1.4,1.7,1.7,1.9,1.8,2.0,2.0,1.9,1.8,1.7,1.6,1.7,1.5,1.7,1.9,11.4,13.3,13.5,15.0,11.7,20.9
"Methane (CH4) (kt CO2-eqv.)","AGRICULTURE, TOTAL",3943.9,3844.3,3996.0,4108.4,4177.1,4102.6,4145.7,4140.0,4084.1,4043.4,3985.6,3963.3,3899.4,3851.9,3900.0,3863.0,3837.3,3770.5,3782.6,3729.2,3732.6,3706.5,3665.9,3687.6,3686.6,3674.2,3681.0,3716.6,3701.5,3654.3,3628.5,3642.3,3660.8,3658.5
"Methane (CH4) (kt CO2-eqv.)","SOLVENT USE AND OTHER PRODUCT USE, TOTAL",..,..,..,..,..,..,..,..,..,..,..,..,..,..,..,..,..,..,..,..,..,..,..,..,..,..,..,..,..,..,..,..,..,..
"Methane (CH4) (kt CO2-eqv.)","HEATING OF HOUSES AND PREMISES, TOTAL",121.3,124.1,124.4,125.3,122.3,129.3,129.9,121.1,114.8,103.3,102.6,95.7,96.8,98.0,97.8,96.2,97.1,89.7,86.2,87.0,85.4,86.2,79.5,78.6,74.5,70.5,72.0,69.7,60.0,61.0,58.3,60.4,53.7,52.9
"Methane (CH4) (kt CO2-eqv.)","LAND-USE, LAND-USE CHANGE AND FORESTRY (LULUCF), TOTAL",615.7,611.1,607.6,605.0,604.0,600.7,596.4,603.6,587.4,589.9,586.2,583.4,582.0,579.4,574.6,572.3,575.3,558.1,561.6,538.4,534.4,525.8,511.7,512.6,540.9,506.1,509.1,509.3,575.5,520.3,520.3,524.5,535.7,535.4
"Nitrous Oxide (N2O) (t)","NATIONAL TOTAL (excluding LULUCF, excluding international transports)",17706.4,17270.4,16715.3,17365.6,17442.8,16919.4,16948.2,17065.5,17230.9,16105.7,15871.5,15354.1,15123.8,14877.0,14900.7,14498.4,14294.6,13768.8,14234.5,13647.8,14155.1,13102.9,12892.1,13021.0,13366.9,13466.4,13335.9,13841.4,13025.7,13247.7,13441.9,13050.2,13183.2,12720.4
"Nitrous Oxide (N2O) (t)","NATIONAL TOTAL (excluding LULUCF, including international transports)",17893.5,17461.4,16920.7,17576.1,17683.7,17164.1,17206.9,17366.7,17578.2,16457.0,16216.3,15689.0,15418.5,15243.4,15317.6,14931.8,14752.9,14227.7,14690.1,14109.6,14603.3,13504.5,13278.2,13393.8,13766.5,13893.2,13798.9,14364.0,13456.1,13737.1,13927.9,13517.6,13651.8,13112.2
"Nitrous Oxide (N2O) (t)","NATIONAL TOTAL (including LULUCF, excluding international transports)",21935.7,21423.5,20840.4,21488.3,21562.6,21055.0,21076.7,21191.2,21353.6,20261.6,20032.5,19508.3,19268.6,18984.6,18988.0,18605.0,18354.7,17794.4,18195.9,17533.6,18118.4,16881.4,16519.6,16642.4,17052.8,17232.6,17122.3,17699.2,17027.1,17315.3,17557.3,17253.7,17451.8,17005.1
"Nitrous Oxide (N2O) (t)","NATIONAL TOTAL (including LULUCF, including international transports)",22122.8,21614.5,21045.8,21698.8,21803.5,21299.7,21335.4,21492.4,21700.8,20612.9,20377.3,19843.3,19563.3,19351.0,19404.9,19038.4,18813.0,18253.4,18651.4,17995.4,18566.6,17283.0,16905.7,17015.2,17452.4,17659.4,17585.3,18221.8,17457.5,17804.8,18043.3,17721.1,17920.3,17396.8
"Nitrous Oxide (N2O) (t)","OFF-ROAD VEHICLES AND OTHER MACHINERY, TOTAL",157.0,168.1,169.8,148.0,139.9,136.5,134.5,131.5,126.3,122.9,121.8,115.5,117.6,116.4,114.8,112.1,113.6,112.8,110.8,114.9,110.7,112.5,114.3,115.6,117.8,120.2,121.6,124.5,127.5,132.9,136.4,140.6,143.6,145.0
"Nitrous Oxide (N2O) (t)","WASTE, TOTAL",777.5,781.4,784.7,793.8,803.4,819.5,803.7,789.3,781.8,784.1,786.8,782.0,779.9,788.3,786.3,840.4,840.2,848.1,860.7,873.6,857.6,886.6,851.7,837.9,821.9,800.1,800.6,793.6,766.9,780.6,799.4,797.7,793.6,775.3
"Nitrous Oxide (N2O) (t)","ELECTRICITY AND DISTRICT HEATING, TOTAL",369.3,450.6,473.5,481.2,467.5,473.5,599.9,475.2,512.4,484.2,473.3,549.8,587.6,624.9,711.8,732.9,742.6,771.8,803.2,841.2,924.7,819.1,794.5,848.8,762.6,802.3,768.7,816.9,823.8,760.0,590.0,677.0,657.4,640.9
"Nitrous Oxide (N2O) (t)","INDUSTRY, TOTAL",3309.4,3459.7,3396.9,3334.4,3292.7,3074.7,2963.5,2940.9,3205.7,2898.9,2758.1,2331.8,2146.4,2093.3,2083.2,2086.9,2192.5,1479.7,1543.9,1643.1,1698.7,801.1,890.5,836.9,844.6,779.4,840.0,818.9,755.8,759.3,660.5,683.8,666.5,637.6
"Nitrous Oxide (N2O) (t)","DOMESTIC TRANSPORT, TOTAL",588.9,581.4,632.0,675.7,675.6,731.1,718.1,749.3,683.4,706.8,494.6,450.3,421.9,402.4,386.7,383.2,372.6,362.3,371.8,374.1,397.2,407.9,443.0,468.7,495.9,537.3,585.1,619.0,662.1,664.4,631.4,646.7,655.2,638.0
"Nitrous Oxide (N2O) (t)","INTERNATIONAL TRANSPORT, TOTAL",187.1,191.0,205.4,210.5,240.9,244.7,258.7,301.2,347.2,351.4,344.8,334.9,294.7,366.3,416.9,433.4,458.3,459.0,455.5,461.8,448.2,401.6,386.1,372.8,399.6,426.8,463.0,522.6,430.4,489.5,486.0,467.4,468.6,391.7
"Nitrous Oxide (N2O) (t)","AGRICULTURE, TOTAL",11970.2,11296.9,10671.7,11340.0,11517.8,11043.2,11041.1,11295.3,11247.7,10469.0,10635.4,10545.7,10458.2,10193.6,10133.7,9691.0,9411.9,9613.3,9937.7,9229.4,9543.7,9536.6,9271.8,9446.4,9843.5,9938.1,9766.1,10076.8,9417.1,9697.2,10183.9,9673.6,9856.8,9485.0
"Nitrous Oxide (N2O) (t)","SOLVENT USE AND OTHER PRODUCT USE, TOTAL",291.0,287.3,347.0,346.0,309.0,399.0,443.0,457.0,465.0,434.0,394.0,382.0,410.1,439.9,471.5,440.2,423.5,370.8,396.9,350.0,404.1,317.1,309.8,258.2,286.8,296.5,255.9,392.4,297.3,281.5,270.0,258.5,247.0,235.5
"Nitrous Oxide (N2O) (t)","HEATING OF HOUSES AND PREMISES, TOTAL",243.1,244.9,239.8,246.6,236.9,241.9,244.5,227.0,208.5,205.7,207.5,197.1,202.0,218.3,212.6,211.7,197.7,209.9,209.6,221.5,218.5,222.0,216.6,208.6,193.7,192.5,197.7,199.3,175.1,171.7,170.3,172.3,163.2,163.2
"Nitrous Oxide (N2O) (t)","LAND-USE, LAND-USE CHANGE AND FORESTRY (LULUCF), TOTAL",4229.3,4153.1,4125.1,4122.7,4119.7,4135.6,4128.4,4125.7,4122.6,4155.9,4161.0,4154.2,4144.8,4107.6,4087.3,4106.6,4060.1,4025.6,3961.4,3885.8,3963.3,3778.5,3627.5,3621.4,3685.9,3766.2,3786.4,3857.8,4001.4,4067.7,4115.4,4203.5,4268.5,4284.7
"Hydrofluorocarbons (HFCs) (kt CO2-eqv.)","NATIONAL TOTAL (excluding LULUCF, excluding international transports)",5.9,10.2,11.7,28.3,69.2,128.7,215.6,353.0,457.8,602.5,725.4,803.8,880.8,947.4,1022.3,1044.9,1067.8,1072.5,1087.5,1084.1,1063.7,1038.9,1022.8,1013.8,1039.1,1058.5,1076.5,1041.4,986.4,937.5,889.4,851.9,817.3,758.4
"Hydrofluorocarbons (HFCs) (kt CO2-eqv.)","NATIONAL TOTAL (excluding LULUCF, including international transports)",5.9,10.2,11.7,28.3,69.2,128.7,215.6,353.0,457.8,602.5,725.4,803.8,880.8,947.4,1022.3,1044.9,1067.8,1072.5,1087.5,1084.1,1063.7,1038.9,1022.8,1013.8,1039.1,1058.5,1076.5,1041.4,986.4,937.5,889.4,851.9,817.3,758.4
"Hydrofluorocarbons (HFCs) (kt CO2-eqv.)","NATIONAL TOTAL (including LULUCF, excluding international transports)",5.9,10.2,11.7,28.3,69.2,128.7,215.6,353.0,457.8,602.5,725.4,803.8,880.8,947.4,1022.3,1044.9,1067.8,1072.5,1087.5,1084.1,1063.7,1038.9,1022.8,1013.8,1039.1,1058.5,1076.5,1041.4,986.4,937.5,889.4,851.9,817.3,758.4
"Hydrofluorocarbons (HFCs) (kt CO2-eqv.)","NATIONAL TOTAL (including LULUCF, including international transports)",5.9,10.2,11.7,28.3,69.2,128.7,215.6,353.0,457.8,602.5,725.4,803.8,880.8,947.4,1022.3,1044.9,1067.8,1072.5,1087.5,1084.1,1063.7,1038.9,1022.8,1013.8,1039.1,1058.5,1076.5,1041.4,986.4,937.5,889.4,851.9,817.3,758.4
"Hydrofluorocarbons (HFCs) (kt CO2-eqv.)","OFF-ROAD VEHICLES AND OTHER MACHINERY, TOTAL",..,..,..,..,..,..,..,..,..,..,..,..,..,..,..,..,..,..,..,..,..,..,..,..,..,..,..,..,..,..,..,..,..,..
"Hydrofluorocarbons (HFCs) (kt CO2-eqv.)","WASTE, TOTAL",..,..,..,..,..,..,..,..,..,..,..,..,..,..,..,..,..,..,..,..,..,..,..,..,..,..,..,..,..,..,..,..,..,..
"Hydrofluorocarbons (HFCs) (kt CO2-eqv.)","ELECTRICITY AND DISTRICT HEATING, TOTAL",..,..,..,..,..,..,..,..,..,..,..,..,..,..,..,..,..,..,..,..,..,..,..,..,..,..,..,..,..,..,..,..,..,..
"Hydrofluorocarbons (HFCs) (kt CO2-eqv.)","INDUSTRY, TOTAL",..,0.2,0.2,0.2,0.4,0.4,0.6,0.5,0.5,0.2,0.2,0.3,0.4,0.2,0.1,..,..,..,..,..,..,..,0.2,0.2,..,..,..,0.3,0.4,0.9,0.7,0.9,0.8,0.8
"Hydrofluorocarbons (HFCs) (kt CO2-eqv.)","DOMESTIC TRANSPORT, TOTAL",..,..,..,..,..,..,..,..,..,..,..,..,..,..,..,..,..,..,..,..,..,..,..,..,..,..,..,..,..,..,..,..,..,..
"Hydrofluorocarbons (HFCs) (kt CO2-eqv.)","INTERNATIONAL TRANSPORT, TOTAL",..,..,..,..,..,..,..,..,..,..,..,..,..,..,..,..,..,..,..,..,..,..,..,..,..,..,..,..,..,..,..,..,..,..
"Hydrofluorocarbons (HFCs) (kt CO2-eqv.)","AGRICULTURE, TOTAL",..,..,..,..,..,..,..,..,..,..,..,..,..,..,..,..,..,..,..,..,..,..,..,..,..,..,..,..,..,..,..,..,..,..
"Hydrofluorocarbons (HFCs) (kt CO2-eqv.)","SOLVENT USE AND OTHER PRODUCT USE, TOTAL",5.9,10.0,11.5,28.1,68.8,128.3,215.0,352.6,457.3,602.4,725.2,803.5,880.5,947.2,1022.2,1044.9,1067.8,1072.5,1087.5,1084.1,1063.7,1038.9,1022.6,1013.6,1039.1,1058.5,1076.5,1041.1,986.0,936.5,888.7,851.0,816.5,757.5
"Hydrofluorocarbons (HFCs) (kt CO2-eqv.)","HEATING OF HOUSES AND PREMISES, TOTAL",..,..,..,..,..,..,..,..,..,..,..,..,..,..,..,..,..,..,..,..,..,..,..,..,..,..,..,..,..,..,..,..,..,..
"Hydrofluorocarbons (HFCs) (kt CO2-eqv.)","LAND-USE, LAND-USE CHANGE AND FORESTRY (LULUCF), TOTAL",..,..,..,..,..,..,..,..,..,..,..,..,..,..,..,..,..,..,..,..,..,..,..,..,..,..,..,..,..,..,..,..,..,..
"Perfluorocarbons (PFCs) (kt CO2-eqv.)","NATIONAL TOTAL (excluding LULUCF, excluding international transports)",510.9,515.5,349.8,407.1,435.7,478.3,422.2,390.1,378.5,408.5,338.2,331.9,366.8,364.4,360.9,365.5,353.3,361.0,316.2,44.8,169.2,193.7,70.9,46.2,73.9,31.7,28.1,32.9,55.7,44.4,58.7,44.7,34.4,31.3
"Perfluorocarbons (PFCs) (kt CO2-eqv.)","NATIONAL TOTAL (excluding LULUCF, including international transports)",510.9,515.5,349.8,407.1,435.7,478.3,422.2,390.1,378.5,408.5,338.2,331.9,366.8,364.4,360.9,365.5,353.3,361.0,316.2,44.8,169.2,193.7,70.9,46.2,73.9,31.7,28.1,32.9,55.7,44.4,58.7,44.7,34.4,31.3
"Perfluorocarbons (PFCs) (kt CO2-eqv.)","NATIONAL TOTAL (including LULUCF, excluding international transports)",510.9,515.5,349.8,407.1,435.7,478.3,422.2,390.1,378.5,408.5,338.2,331.9,366.8,364.4,360.9,365.5,353.3,361.0,316.2,44.8,169.2,193.7,70.9,46.2,73.9,31.7,28.1,32.9,55.7,44.4,58.7,44.7,34.4,31.3
"Perfluorocarbons (PFCs) (kt CO2-eqv.)","NATIONAL TOTAL (including LULUCF, including international transports)",510.9,515.5,349.8,407.1,435.7,478.3,422.2,390.1,378.5,408.5,338.2,331.9,366.8,364.4,360.9,365.5,353.3,361.0,316.2,44.8,169.2,193.7,70.9,46.2,73.9,31.7,28.1,32.9,55.7,44.4,58.7,44.7,34.4,31.3
"Perfluorocarbons (PFCs) (kt CO2-eqv.)","OFF-ROAD VEHICLES AND OTHER MACHINERY, TOTAL",..,..,..,..,..,..,..,..,..,..,..,..,..,..,..,..,..,..,..,..,..,..,..,..,..,..,..,..,..,..,..,..,..,..
"Perfluorocarbons (PFCs) (kt CO2-eqv.)","WASTE, TOTAL",..,..,..,..,..,..,..,..,..,..,..,..,..,..,..,..,..,..,..,..,..,..,..,..,..,..,..,..,..,..,..,..,..,..
"Perfluorocarbons (PFCs) (kt CO2-eqv.)","ELECTRICITY AND DISTRICT HEATING, TOTAL",..,..,..,..,..,..,..,..,..,..,..,..,..,..,..,..,..,..,..,..,..,..,..,..,..,..,..,..,..,..,..,..,..,..
"Perfluorocarbons (PFCs) (kt CO2-eqv.)","INDUSTRY, TOTAL",510.9,515.5,349.8,407.1,435.7,477.9,420.5,387.0,375.1,404.6,333.6,327.3,361.2,358.2,354.7,360.0,343.2,346.3,301.7,35.5,165.8,191.3,69.2,44.8,72.7,30.8,27.4,32.4,55.4,44.3,58.7,44.7,34.4,31.3
"Perfluorocarbons (PFCs) (kt CO2-eqv.)","DOMESTIC TRANSPORT, TOTAL",..,..,..,..,..,..,..,..,..,..,..,..,..,..,..,..,..,..,..,..,..,..,..,..,..,..,..,..,..,..,..,..,..,..
"Perfluorocarbons (PFCs) (kt CO2-eqv.)","INTERNATIONAL TRANSPORT, TOTAL",..,..,..,..,..,..,..,..,..,..,..,..,..,..,..,..,..,..,..,..,..,..,..,..,..,..,..,..,..,..,..,..,..,..
"Perfluorocarbons (PFCs) (kt CO2-eqv.)","AGRICULTURE, TOTAL",..,..,..,..,..,..,..,..,..,..,..,..,..,..,..,..,..,..,..,..,..,..,..,..,..,..,..,..,..,..,..,..,..,..
"Perfluorocarbons (PFCs) (kt CO2-eqv.)","SOLVENT USE AND OTHER PRODUCT USE, TOTAL",..,..,..,..,..,0.4,1.7,3.0,3.4,3.9,4.6,4.6,5.6,6.2,6.2,5.5,10.2,14.7,14.5,9.3,3.4,2.3,1.8,1.4,1.1,0.9,0.7,0.5,0.3,0.1,..,..,..,..
"Perfluorocarbons (PFCs) (kt CO2-eqv.)","HEATING OF HOUSES AND PREMISES, TOTAL",..,..,..,..,..,..,..,..,..,..,..,..,..,..,..,..,..,..,..,..,..,..,..,..,..,..,..,..,..,..,..,..,..,..
"Perfluorocarbons (PFCs) (kt CO2-eqv.)","LAND-USE, LAND-USE CHANGE AND FORESTRY (LULUCF), TOTAL",..,..,..,..,..,..,..,..,..,..,..,..,..,..,..,..,..,..,..,..,..,..,..,..,..,..,..,..,..,..,..,..,..,..
"Sulphur Hexafluoride (SF6) (kg)","NATIONAL TOTAL (excluding LULUCF, excluding international transports)",4461.8,4504.0,4498.9,4357.3,4665.5,5929.2,5126.1,6999.8,4878.0,5316.4,5209.5,5384.9,5245.6,3733.7,4153.0,6648.7,4940.2,6025.4,3195.3,3070.7,2783.2,2431.6,2330.3,1844.7,2012.2,2330.5,2520.3,2009.2,1446.6,1502.7,1626.6,1686.1,1641.0,1616.3
"Sulphur Hexafluoride (SF6) (kg)","NATIONAL TOTAL (excluding LULUCF, including international transports)",4461.8,4504.0,4498.9,4357.3,4665.5,5929.2,5126.1,6999.8,4878.0,5316.4,5209.5,5384.9,5245.6,3733.7,4153.0,6648.7,4940.2,6025.4,3195.3,3070.7,2783.2,2431.6,2330.3,1844.7,2012.2,2330.5,2520.3,2009.2,1446.6,1502.7,1626.6,1686.1,1641.0,1616.3
"Sulphur Hexafluoride (SF6) (kg)","NATIONAL TOTAL (including LULUCF, excluding international transports)",4461.8,4504.0,4498.9,4357.3,4665.5,5929.2,5126.1,6999.8,4878.0,5316.4,5209.5,5384.9,5245.6,3733.7,4153.0,6648.7,4940.2,6025.4,3195.3,3070.7,2783.2,2431.6,2330.3,1844.7,2012.2,2330.5,2520.3,2009.2,1446.6,1502.7,1626.6,1686.1,1641.0,1616.3
"Sulphur Hexafluoride (SF6) (kg)","NATIONAL TOTAL (including LULUCF, including international transports)",4461.8,4504.0,4498.9,4357.3,4665.5,5929.2,5126.1,6999.8,4878.0,5316.4,5209.5,5384.9,5245.6,3733.7,4153.0,6648.7,4940.2,6025.4,3195.3,3070.7,2783.2,2431.6,2330.3,1844.7,2012.2,2330.5,2520.3,2009.2,1446.6,1502.7,1626.6,1686.1,1641.0,1616.3
"Sulphur Hexafluoride (SF6) (kg)","OFF-ROAD VEHICLES AND OTHER MACHINERY, TOTAL",..,..,..,..,..,..,..,..,..,..,..,..,..,..,..,..,..,..,..,..,..,..,..,..,..,..,..,..,..,..,..,..,..,..
"Sulphur Hexafluoride (SF6) (kg)","WASTE, TOTAL",..,..,..,..,..,..,..,..,..,..,..,..,..,..,..,..,..,..,..,..,..,..,..,..,..,..,..,..,..,..,..,..,..,..
"Sulphur Hexafluoride (SF6) (kg)","ELECTRICITY AND DISTRICT HEATING, TOTAL",..,..,..,..,..,..,..,..,..,..,..,..,..,..,..,..,..,..,..,..,..,..,..,..,..,..,..,..,..,..,..,..,..,..
"Sulphur Hexafluoride (SF6) (kg)","INDUSTRY, TOTAL",1000.0,1033.8,1033.8,1033.8,1167.5,1204.0,1404.0,1839.1,1670.2,1668.9,2268.9,2440.8,2835.2,1555.7,1737.5,4178.1,3219.1,4735.2,2001.3,1222.4,1433.6,1098.8,1072.0,490.9,690.7,755.4,868.4,563.4,..,..,..,..,..,..
"Sulphur Hexafluoride (SF6) (kg)","DOMESTIC TRANSPORT, TOTAL",..,..,..,..,..,..,..,..,..,..,..,..,..,..,..,..,..,..,..,..,..,..,..,..,..,..,..,..,..,..,..,..,..,..
"Sulphur Hexafluoride (SF6) (kg)","INTERNATIONAL TRANSPORT, TOTAL",..,..,..,..,..,..,..,..,..,..,..,..,..,..,..,..,..,..,..,..,..,..,..,..,..,..,..,..,..,..,..,..,..,..
"Sulphur Hexafluoride (SF6) (kg)","AGRICULTURE, TOTAL",..,..,..,..,..,..,..,..,..,..,..,..,..,..,..,..,..,..,..,..,..,..,..,..,..,..,..,..,..,..,..,..,..,..
"Sulphur Hexafluoride (SF6) (kg)","SOLVENT USE AND OTHER PRODUCT USE, TOTAL",3461.8,3470.3,3465.2,3323.6,3498.0,4725.3,3722.2,5160.7,3207.8,3647.5,2940.7,2944.1,2410.4,2178.1,2415.5,2470.7,1721.1,1290.2,1194.0,1848.3,1349.6,1332.8,1258.3,1353.8,1321.5,1575.1,1651.9,1445.8,1446.6,1502.7,1626.6,1686.1,1641.0,1616.3
"Sulphur Hexafluoride (SF6) (kg)","HEATING OF HOUSES AND PREMISES, TOTAL",..,..,..,..,..,..,..,..,..,..,..,..,..,..,..,..,..,..,..,..,..,..,..,..,..,..,..,..,..,..,..,..,..,..
"Sulphur Hexafluoride (SF6) (kg)","LAND-USE, LAND-USE CHANGE AND FORESTRY (LULUCF), TOTAL",..,..,..,..,..,..,..,..,..,..,..,..,..,..,..,..,..,..,..,..,..,..,..,..,..,..,..,..,..,..,..,..,..,..
"Sulphur Hexafluoride (SF6) (kt CO2-eqv.)","NATIONAL TOTAL (excluding LULUCF, excluding international transports)",104.9,105.8,105.7,102.4,109.6,139.3,120.5,164.5,114.6,124.9,122.4,126.5,123.3,87.7,97.6,156.2,116.1,141.6,75.1,72.2,65.4,57.1,54.8,43.3,47.3,54.8,59.2,47.2,34.0,35.3,38.2,39.6,38.6,38.0
"Sulphur Hexafluoride (SF6) (kt CO2-eqv.)","NATIONAL TOTAL (excluding LULUCF, including international transports)",104.9,105.8,105.7,102.4,109.6,139.3,120.5,164.5,114.6,124.9,122.4,126.5,123.3,87.7,97.6,156.2,116.1,141.6,75.1,72.2,65.4,57.1,54.8,43.3,47.3,54.8,59.2,47.2,34.0,35.3,38.2,39.6,38.6,38.0
"Sulphur Hexafluoride (SF6) (kt CO2-eqv.)","NATIONAL TOTAL (including LULUCF, excluding international transports)",104.9,105.8,105.7,102.4,109.6,139.3,120.5,164.5,114.6,124.9,122.4,126.5,123.3,87.7,97.6,156.2,116.1,141.6,75.1,72.2,65.4,57.1,54.8,43.3,47.3,54.8,59.2,47.2,34.0,35.3,38.2,39.6,38.6,38.0
"Sulphur Hexafluoride (SF6) (kt CO2-eqv.)","NATIONAL TOTAL (including LULUCF, including international transports)",104.9,105.8,105.7,102.4,109.6,139.3,120.5,164.5,114.6,124.9,122.4,126.5,123.3,87.7,97.6,156.2,116.1,141.6,75.1,72.2,65.4,57.1,54.8,43.3,47.3,54.8,59.2,47.2,34.0,35.3,38.2,39.6,38.6,38.0
"Sulphur Hexafluoride (SF6) (kt CO2-eqv.)","OFF-ROAD VEHICLES AND OTHER MACHINERY, TOTAL",..,..,..,..,..,..,..,..,..,..,..,..,..,..,..,..,..,..,..,..,..,..,..,..,..,..,..,..,..,..,..,..,..,..
"Sulphur Hexafluoride (SF6) (kt CO2-eqv.)","WASTE, TOTAL",..,..,..,..,..,..,..,..,..,..,..,..,..,..,..,..,..,..,..,..,..,..,..,..,..,..,..,..,..,..,..,..,..,..
"Sulphur Hexafluoride (SF6) (kt CO2-eqv.)","ELECTRICITY AND DISTRICT HEATING, TOTAL",..,..,..,..,..,..,..,..,..,..,..,..,..,..,..,..,..,..,..,..,..,..,..,..,..,..,..,..,..,..,..,..,..,..
"Sulphur Hexafluoride (SF6) (kt CO2-eqv.)","INDUSTRY, TOTAL",23.5,24.3,24.3,24.3,27.4,28.3,33.0,43.2,39.2,39.2,53.3,57.4,66.6,36.6,40.8,98.2,75.6,111.3,47.0,28.7,33.7,25.8,25.2,11.5,16.2,17.8,20.4,13.2,..,..,..,..,..,..
"Sulphur Hexafluoride (SF6) (kt CO2-eqv.)","DOMESTIC TRANSPORT, TOTAL",..,..,..,..,..,..,..,..,..,..,..,..,..,..,..,..,..,..,..,..,..,..,..,..,..,..,..,..,..,..,..,..,..,..
"Sulphur Hexafluoride (SF6) (kt CO2-eqv.)","INTERNATIONAL TRANSPORT, TOTAL",..,..,..,..,..,..,..,..,..,..,..,..,..,..,..,..,..,..,..,..,..,..,..,..,..,..,..,..,..,..,..,..,..,..
"Sulphur Hexafluoride (SF6) (kt CO2-eqv.)","AGRICULTURE, TOTAL",..,..,..,..,..,..,..,..,..,..,..,..,..,..,..,..,..,..,..,..,..,..,..,..,..,..,..,..,..,..,..,..,..,..
"Sulphur Hexafluoride (SF6) (kt CO2-eqv.)","SOLVENT USE AND OTHER PRODUCT USE, TOTAL",81.4,81.6,81.4,78.1,82.2,111.0,87.5,121.3,75.4,85.7,69.1,69.2,56.6,51.2,56.8,58.1,40.4,30.3,28.1,43.4,31.7,31.3,29.6,31.8,31.1,37.0,38.8,34.0,34.0,35.3,38.2,39.6,38.6,38.0
"Sulphur Hexafluoride (SF6) (kt CO2-eqv.)","HEATING OF HOUSES AND PREMISES, TOTAL",..,..,..,..,..,..,..,..,..,..,..,..,..,..,..,..,..,..,..,..,..,..,..,..,..,..,..,..,..,..,..,..,..,..
"Sulphur Hexafluoride (SF6) (kt CO2-eqv.)","LAND-USE, LAND-USE CHANGE AND FORESTRY (LULUCF), TOTAL",..,..,..,..,..,..,..,..,..,..,..,..,..,..,..,..,..,..,..,..,..,..,..,..,..,..,..,..,..,..,..,..,..,..
