region,fuel,2006M01,2006M02,2006M03,2006M04,2006M05,2006M06,2006M07,2006M08,2006M09,2006M10,2006M11,2006M12,2007M01,2007M02,2007M03,2007M04,2007M05,2007M06,2007M07,2007M08,2007M09,2007M10,2007M11,2007M12,2008M01,2008M02,2008M03,2008M04,2008M05,2008M06,2008M07,2008M08,2008M09,2008M10,2008M11,2008M12,2009M01,2009M02,2009M03,2009M04,2009M05,2009M06,2009M07,2009M08,2009M09,2009M10,2009M11,2009M12,2010M01,2010M02,2010M03,2010M04,2010M05,2010M06,2010M07,2010M08,2010M09,2010M10,2010M11,2010M12,2011M01,2011M02,2011M03,2011M04,2011M05,2011M06,2011M07,2011M08,2011M09,2011M10,2011M11,2011M12,2012M01,2012M02,2012M03,2012M04,2012M05,2012M06,2012M07,2012M08,2012M09,2012M10,2012M11,2012M12,2013M01,2013M02,2013M03,2013M04,2013M05,2013M06,2013M07,2013M08,2013M09,2013M10,2013M11,2013M12,2014M01,2014M02,2014M03,2014M04,2014M05,2014M06,2014M07,2014M08,2014M09,2014M10,2014M11,2014M12,2015M01,2015M02,2015M03,2015M04,2015M05,2015M06,2015M07,2015M08,2015M09,2015M10,2015M11,2015M12,2016M01,2016M02,2016M03,2016M04,2016M05,2016M06,2016M07,2016M08,2016M09,2016M10,2016M11,2016M12,2017M01,2017M02,2017M03,2017M04,2017M05,2017M06,2017M07,2017M08,2017M09,2017M10,2017M11,2017M12,2018M01,2018M02,2018M03,2018M04,2018M05,2018M06,2018M07,2018M08,2018M09,2018M10,2018M11,2018M12,2019M01,2019M02,2019M03,2019M04,2019M05,2019M06,2019M07,2019M08,2019M09,2019M10,2019M11,2019M12,2020M01,2020M02,2020M03,2020M04,2020M05,2020M06,2020M07,2020M08,2020M09,2020M10,2020M11,2020M12,2021M01,2021M02,2021M03,2021M04,2021M05,2021M06,2021M07,2021M08,2021M09,2021M10,2021M11,2021M12,2022M01,2022M02,2022M03
Stockholm,petrol,2824,3431,4291,4872,5819,5648,3450,4087,4412,3999,3839,3621,2871,3011,3954,4584,4751,4320,3129,3262,3482,3274,2780,2291,1774,2032,2297,2829,2797,2383,1668,1988,2009,2001,1650,1469,1241,1240,1682,1753,1670,2003,1512,1476,1675,2079,2050,1540,1343,1314,2307,2497,2420,2599,1821,1982,2226,1901,2124,2054,1563,1584,2355,2372,2625,2258,1565,1778,2094,1953,2024,2080,1382,1504,2357,1821,2002,1907,1560,1645,1591,1811,1879,1854,1096,1407,1987,2145,2440,2279,1972,1916,2004,2406,2215,2048,1497,1704,2533,2405,2327,2476,1960,2099,2477,2257,2138,2376,1832,1908,2483,2643,2750,2983,2195,2432,2853,2891,2683,2401,2059,2252,3293,3283,3769,3679,2420,2791,3128,3001,3288,3574,1995,2519,3667,2875,3669,4650,2688,2966,3093,3220,3474,3671,2668,3593,4434,4818,5231,7641,2044,3661,2661,2869,3209,2693,2418,3068,3780,3695,4931,4453,3337,3715,3498,3622,3469,4901,1758,2484,3208,2405,2055,3275,2638,2872,3103,3082,2809,2464,1796,2361,4681,1998,2748,3194,1607,1566,1511,1338,1316,1430,1226,1261,1702
Stockholm,diesel,884,895,1022,1059,1160,1059,783,1060,1263,1472,1735,1659,1610,1498,1834,1864,2244,2024,1381,1891,1956,2720,2906,3679,1570,2083,2564,2943,2550,2296,1525,1829,2357,2414,1977,1916,1507,1646,1935,2287,1773,2185,1395,1716,2359,2572,2361,2511,1786,2314,3158,3298,2987,3764,2680,2687,3333,3628,3767,4440,3033,3566,5255,4793,4816,4865,3284,3892,4524,4255,4828,4716,3814,4534,5830,4838,5216,5426,3255,4113,4559,5026,5435,5179,3296,3979,4751,5001,6040,4678,3239,3868,4840,4736,4709,4647,4087,4006,5184,5268,5232,5151,3452,3899,4066,4912,4681,4810,4001,4343,6361,5499,5413,6397,4274,4135,5201,5558,5634,5943,4159,5097,5757,6000,5724,5856,3855,3722,5034,5936,4981,6012,4684,5505,7145,5575,6226,6685,3759,4677,4828,5007,4800,5631,3284,4141,5786,4984,4833,7600,1184,2722,2259,2973,3210,2889,3223,3237,4445,4473,4929,4427,2668,3007,2746,3490,3331,4642,1608,2486,2725,1827,1651,2631,1774,1729,1898,1714,1637,2136,1772,1604,3886,1160,1573,2151,713,975,1136,755,789,998,819,949,1121
Stockholm,electricity,1,0,0,0,0,0,0,0,0,0,0,0,0,0,0,0,0,0,0,1,0,0,0,1,0,0,0,0,1,0,0,0,0,0,0,0,0,0,0,0,0,0,0,1,0,0,0,1,0,0,1,0,0,0,0,0,0,0,0,3,2,3,9,4,7,5,0,2,1,0,3,13,8,3,15,20,14,11,4,8,17,3,9,14,18,7,6,11,11,1,4,11,7,17,18,12,36,16,37,34,29,33,51,145,39,24,19,68,28,31,130,114,102,131,88,88,80,59,57,105,35,52,142,74,60,72,36,45,185,79,87,144,91,74,160,104,131,125,73,148,162,145,101,105,64,75,199,114,106,99,172,195,210,209,375,332,335,300,797,443,440,602,379,374,751,340,355,646,391,476,1211,337,355,562,478,689,1353,894,837,2424,383,517,1121,1810,1531,3160,695,1331,2415,1576,1923,3306,1612,1879,3415
Stockholm,electric hybrid,101,87,131,102,95,118,72,108,118,73,107,98,98,87,126,120,136,152,134,162,129,133,135,138,144,195,157,202,224,159,143,186,187,174,182,284,72,65,62,87,85,81,78,93,200,161,154,140,117,124,168,132,160,141,75,127,144,152,149,118,114,112,160,157,128,84,50,112,109,60,104,81,46,44,60,52,90,87,64,97,136,175,181,172,146,143,143,161,209,163,147,214,217,193,189,201,161,174,258,168,173,207,168,195,203,247,224,268,204,291,304,182,194,340,168,261,301,248,275,302,235,340,401,333,327,266,235,374,461,367,354,337,273,359,422,319,361,361,295,372,417,412,395,430,320,291,472,460,578,651,269,442,423,467,446,343,330,312,355,515,666,729,850,777,838,887,938,1295,314,461,409,320,375,308,433,646,650,722,579,570,409,386,962,712,921,946,452,446,420,408,435,506,471,523,653
Stockholm,plug-in hybrid,0,0,0,0,0,0,0,0,0,0,0,0,0,0,0,0,0,0,0,0,0,0,0,0,0,0,0,0,0,0,0,0,0,0,0,0,0,0,0,0,0,0,0,0,0,0,0,0,0,0,0,0,0,0,0,0,0,0,0,0,0,0,0,0,0,0,0,0,0,0,0,0,0,0,3,6,10,8,39,25,60,44,34,34,33,85,67,24,21,26,31,22,19,37,47,53,20,55,164,179,151,230,129,141,144,295,88,147,82,98,119,176,163,205,125,140,196,252,246,669,76,237,405,488,496,578,459,403,650,549,507,507,561,525,412,434,591,580,410,809,669,950,1078,1053,828,846,1053,925,937,1406,1183,1152,905,1084,1048,796,817,1126,1386,950,917,932,667,858,944,1496,2011,1838,2271,2292,2890,1736,1371,2709,2771,2389,3163,4508,4164,5096,2826,3346,7753,2403,2782,5204,1854,2070,1961,2084,2571,2988,2171,2372,2837
Stockholm,ethanol/ethanol flexifuel,620,752,1154,911,1004,817,564,514,602,609,772,695,604,645,718,739,1009,1053,759,693,814,1323,1300,1428,1774,1840,1591,1796,1855,2041,1200,1390,2170,2443,1785,2004,723,1011,1367,1144,1631,1235,990,834,892,997,1002,958,608,877,911,904,1018,1314,564,653,710,948,1007,1065,294,395,534,540,540,666,239,310,504,396,380,314,201,145,189,135,158,125,84,58,103,103,86,249,59,41,193,51,109,132,73,105,53,80,200,91,35,39,187,47,36,70,84,54,72,22,21,34,27,30,24,25,11,18,7,19,11,9,15,14,2,16,1,3,2,5,8,28,14,5,5,12,8,22,26,27,11,15,12,114,12,62,16,5,19,20,23,16,18,71,18,220,15,18,18,16,6,6,9,3,8,2,0,11,14,10,10,25,1,3,3,2,2,1,3,6,1,3,1,1,1,0,1,6,17,33,44,43,33,37,22,40,22,62,58
Stockholm,gas/gas flex,66,103,117,161,275,209,82,68,182,216,160,75,64,53,67,61,58,84,45,27,7,19,50,21,47,21,22,32,20,19,10,24,56,64,74,87,24,50,113,137,138,245,186,244,248,231,144,181,204,224,217,224,208,357,237,303,173,224,244,236,74,94,164,202,317,221,150,220,316,278,264,201,196,194,227,145,174,105,167,118,155,270,136,172,166,152,113,122,99,88,72,97,80,94,100,114,138,123,135,133,106,127,97,158,160,187,154,228,101,237,219,263,138,119,151,143,231,185,104,86,70,127,108,79,82,119,43,35,78,87,76,82,56,80,53,53,81,73,61,123,146,150,139,96,83,85,128,141,122,96,89,180,61,40,24,58,25,28,49,77,195,196,134,212,147,173,99,92,52,77,70,84,37,47,27,49,80,101,38,95,18,48,36,29,17,28,26,60,53,39,16,24,32,35,23
Stockholm,other fuels,1,0,0,0,0,0,0,0,0,0,0,0,0,0,0,0,0,0,0,0,0,0,0,0,0,0,0,0,0,0,0,0,0,0,0,0,0,0,0,0,0,0,0,0,2,1,0,0,1,0,0,0,0,1,0,2,0,0,0,1,1,0,0,1,0,0,1,1,1,0,0,1,1,1,1,0,0,0,0,0,0,1,0,0,0,0,1,2,0,0,1,0,0,1,1,0,0,0,0,1,1,0,1,1,0,1,2,0,3,0,1,1,0,1,0,0,1,1,1,0,0,1,0,2,1,1,0,4,3,4,1,1,0,0,1,0,0,0,1,0,1,0,1,5,0,3,1,0,1,0,0,0,0,1,1,1,0,0,0,0,0,0,1,1,0,0,1,1,0,0,0,1,0,1,1,0,2,1,0,1,0,2,1,1,5,1,0,0,0,1,0,2,2,0,0
Uppsala,petrol,428,457,620,658,757,631,478,623,579,589,516,540,431,411,582,615,594,464,399,428,410,450,360,264,242,315,356,419,380,290,264,256,328,285,211,195,186,277,250,282,277,349,248,192,234,333,290,248,198,191,269,359,335,353,359,298,259,247,243,257,178,215,276,363,311,345,193,210,281,196,230,202,165,157,285,215,290,300,214,228,216,240,326,237,219,173,287,289,367,278,281,292,272,348,357,266,229,239,327,430,384,327,263,335,319,333,283,328,274,285,404,357,401,349,360,355,370,346,404,367,233,267,445,470,484,501,319,352,423,407,348,418,242,299,580,421,494,457,368,385,375,405,394,316,304,287,436,448,486,1011,192,297,247,324,298,339,252,307,331,382,441,359,337,423,364,397,316,683,180,203,281,222,215,319,249,270,299,233,229,208,163,192,440,202,210,246,170,153,184,132,172,171,173,193,206
Uppsala,diesel,133,125,162,173,173,186,149,165,196,231,265,249,273,262,304,312,299,288,234,341,271,407,396,540,168,323,283,444,377,266,231,219,232,289,207,260,167,209,263,240,287,395,310,273,243,353,359,395,228,350,424,467,393,567,465,421,546,472,451,637,357,398,507,581,577,591,422,470,486,442,487,520,382,457,607,496,597,566,413,452,588,622,584,633,449,405,494,602,606,452,440,461,488,516,470,579,451,452,494,614,565,655,414,484,552,523,556,562,471,589,554,533,573,551,420,542,469,537,565,510,322,410,532,679,585,552,406,459,490,486,456,558,332,337,481,457,464,480,351,390,390,365,323,446,294,247,400,306,360,1031,78,167,163,148,216,227,184,189,207,273,265,189,158,242,163,173,197,355,83,94,114,92,99,146,161,135,116,158,80,147,90,75,276,75,82,147,70,61,69,53,67,85,64,66,83
Uppsala,electricity,0,0,0,0,0,0,0,0,0,0,0,0,0,0,0,0,0,0,0,0,0,0,0,0,0,0,0,0,0,0,0,0,0,0,0,0,0,0,0,0,0,0,0,0,0,0,0,0,0,0,0,0,0,0,0,0,0,0,0,0,0,1,0,0,0,0,0,0,0,0,0,0,0,1,0,5,0,0,0,0,1,0,0,0,0,0,0,1,1,1,0,0,1,1,0,2,2,1,3,2,3,4,5,4,0,2,1,6,2,4,11,9,5,15,9,8,5,9,5,8,4,2,10,7,4,14,14,3,12,4,4,10,10,6,20,24,6,12,2,10,6,3,3,3,7,17,28,8,2,6,20,16,13,14,23,53,41,21,72,39,35,56,30,34,37,23,34,51,30,50,79,17,40,56,26,89,107,72,61,236,45,37,68,135,129,164,105,163,198,158,168,325,164,149,264
Uppsala,electric hybrid,6,12,4,7,7,12,2,6,15,4,13,7,26,4,6,2,3,6,10,6,7,4,13,6,9,10,5,13,7,9,8,9,11,6,3,8,2,1,5,8,3,3,0,6,9,18,8,4,4,13,10,10,9,8,3,4,9,12,9,7,7,8,7,5,5,3,3,5,3,5,5,3,1,0,3,4,2,0,9,11,9,21,9,4,7,8,8,10,13,16,9,19,18,17,17,12,23,13,22,11,18,20,16,19,21,29,22,24,19,14,39,13,12,50,18,15,23,17,13,31,35,44,57,22,35,26,28,39,47,43,36,51,40,41,69,37,54,80,56,43,68,38,36,54,63,40,82,74,51,131,20,60,71,79,59,55,42,44,71,103,90,79,74,88,114,119,124,174,32,55,78,57,56,65,106,95,109,93,93,83,53,59,124,59,69,99,73,74,62,39,55,68,59,62,125
Uppsala,plug-in hybrid,0,0,0,0,0,0,0,0,0,0,0,0,0,0,0,0,0,0,0,0,0,0,0,0,0,0,0,0,0,0,0,0,0,0,0,0,0,0,0,0,0,0,0,0,0,0,0,0,0,0,0,0,0,0,0,0,0,0,0,0,0,0,0,0,0,0,0,0,0,0,0,0,0,0,0,1,0,1,2,3,5,5,2,0,1,6,6,1,6,3,4,2,3,3,2,5,2,7,12,10,14,15,8,13,13,10,20,13,15,10,27,12,9,16,11,12,16,21,35,89,1,4,18,19,21,23,20,15,22,20,20,16,16,25,18,16,27,34,25,38,40,51,47,59,43,38,37,25,31,43,30,33,37,53,46,74,71,48,46,40,30,47,34,43,46,75,41,65,89,68,86,53,62,89,116,109,145,128,160,187,136,113,379,86,108,132,87,115,130,166,136,149,137,138,153
Uppsala,ethanol/ethanol flexifuel,67,76,172,78,90,85,59,117,71,73,106,141,84,103,103,88,127,97,93,65,87,102,122,83,91,127,123,123,126,191,128,106,150,129,116,110,81,97,78,106,105,161,67,85,130,88,118,103,74,78,90,96,77,77,51,35,59,127,80,102,12,23,25,35,27,43,31,33,34,32,32,10,23,7,12,14,20,11,13,13,14,12,9,12,7,4,2,4,5,14,3,8,6,6,33,8,2,6,9,10,15,16,4,11,5,5,12,13,9,7,4,7,10,3,0,7,7,1,0,0,1,0,16,3,3,4,1,11,1,5,7,20,12,11,16,11,11,14,1,6,14,14,9,8,5,14,5,5,1,2,2,38,0,6,5,5,0,0,0,0,0,0,0,4,17,27,7,21,1,0,0,1,0,0,1,1,1,0,0,1,0,0,0,0,2,5,4,4,4,4,4,3,2,2,7
Uppsala,gas/gas flex,2,6,3,7,11,10,1,6,2,1,3,1,3,3,0,0,1,2,1,0,0,1,1,1,0,1,0,2,0,1,0,0,2,6,2,2,0,0,6,9,13,14,11,24,16,20,8,19,18,19,22,16,18,18,10,16,10,18,12,6,4,3,7,12,13,12,3,10,10,8,8,8,6,7,7,8,11,5,7,11,6,19,9,7,9,9,5,6,2,8,4,5,4,5,4,7,7,9,10,5,8,4,6,14,8,9,7,7,14,25,8,5,2,5,1,4,2,10,2,2,6,11,0,3,4,5,2,7,8,6,6,7,5,8,6,14,7,1,1,6,11,13,17,6,7,7,3,9,10,14,4,7,3,2,4,4,1,3,6,6,11,7,6,15,30,18,5,15,8,7,10,2,3,2,2,4,9,2,4,16,0,0,2,3,1,0,1,5,1,1,0,0,2,1,1
Uppsala,other fuels,0,0,0,0,0,0,0,0,0,0,0,0,1,0,0,0,0,0,0,0,0,0,0,0,0,0,0,0,0,0,0,0,0,0,0,0,0,0,0,0,0,0,0,0,0,0,0,0,0,0,0,0,0,0,0,0,0,0,1,0,0,0,0,0,0,0,0,0,1,0,0,0,0,0,0,0,0,0,1,0,0,0,0,0,1,0,0,0,0,0,1,0,0,0,0,0,0,0,0,0,0,0,1,0,1,0,0,0,0,0,0,0,0,0,0,0,0,0,0,0,0,0,0,1,0,0,0,0,0,0,2,0,0,0,0,0,0,0,0,1,0,0,1,0,0,0,0,1,0,1,0,0,0,0,0,0,0,0,0,0,0,0,0,0,0,0,0,1,0,0,0,1,0,0,0,0,0,0,0,0,0,0,0,0,0,0,0,1,0,1,0,1,1,0,0
Södermanland,petrol,321,349,487,502,567,603,419,426,464,522,443,410,331,332,523,494,475,413,332,366,322,389,322,249,246,260,315,366,343,267,224,203,260,253,167,149,109,146,174,202,183,264,151,177,209,215,234,203,159,161,260,277,260,295,231,222,203,264,230,211,203,202,279,278,304,265,188,268,235,261,251,198,133,158,250,213,244,234,187,165,196,183,202,183,172,157,176,255,319,253,225,264,275,284,260,230,190,231,285,316,312,332,228,242,246,328,265,226,199,207,320,365,323,313,300,310,324,356,300,308,199,326,358,351,416,454,308,329,397,418,373,393,219,240,403,353,413,421,303,329,377,383,376,383,249,308,395,463,557,723,175,372,224,340,310,285,199,281,369,314,359,380,328,380,310,280,330,534,138,224,325,209,179,242,225,285,236,231,190,270,173,187,420,199,190,280,172,174,204,164,157,176,125,138,184
Södermanland,diesel,70,76,113,111,112,154,111,128,94,135,163,150,178,161,212,221,239,230,193,183,223,299,310,629,129,181,216,292,252,196,158,154,145,152,127,139,93,121,138,167,151,205,132,155,161,216,227,229,182,242,301,320,306,322,234,246,355,335,331,384,305,312,417,418,454,380,334,407,402,355,362,359,242,271,443,346,450,332,250,318,328,317,353,399,217,252,306,392,386,320,286,320,336,319,351,473,220,312,366,378,382,440,354,389,387,362,383,316,226,330,451,393,405,407,351,334,374,418,365,398,273,368,402,415,408,442,325,343,381,347,361,416,223,291,406,332,428,410,255,286,306,298,289,256,174,217,288,274,282,684,56,135,126,145,160,125,129,153,193,191,189,193,131,155,115,167,159,343,35,80,119,91,50,107,130,106,100,90,111,145,64,91,242,58,83,109,69,63,66,72,73,56,65,65,82
Södermanland,electricity,0,0,0,0,0,0,0,0,0,0,0,0,0,0,0,0,0,0,0,0,0,0,0,0,0,0,0,0,0,0,0,0,0,0,0,0,0,0,0,0,0,0,0,0,0,0,1,0,0,0,0,0,0,0,0,0,0,0,0,0,0,0,0,1,1,0,0,0,0,0,0,0,0,0,0,0,0,0,0,1,0,0,0,1,1,0,0,0,0,0,0,0,0,1,1,1,0,1,4,5,2,1,0,1,0,2,3,2,1,2,3,5,0,2,7,4,3,3,3,5,2,4,7,1,5,2,1,0,7,5,6,3,9,6,12,3,8,12,3,11,8,20,6,11,5,13,8,10,3,1,10,20,6,12,31,22,24,22,34,29,19,28,20,15,40,18,13,25,17,35,49,18,11,40,21,49,78,45,55,142,26,21,50,99,76,110,70,128,165,88,116,201,94,115,166
Södermanland,electric hybrid,18,10,6,5,10,8,8,5,8,8,8,6,7,9,9,9,7,10,2,3,3,4,6,10,7,6,9,21,11,13,8,11,8,8,4,3,2,2,11,3,2,3,0,9,12,8,12,7,9,5,10,3,4,2,0,5,11,5,7,0,2,5,14,13,18,2,1,9,6,4,6,6,0,1,4,1,0,9,7,5,14,13,15,8,13,18,12,25,15,2,5,9,11,14,17,9,6,6,13,11,14,18,20,13,10,18,21,21,11,8,21,9,11,21,25,13,11,11,14,25,28,25,37,27,30,24,20,34,61,28,23,42,18,37,43,40,42,45,47,36,40,30,35,49,39,29,37,44,49,61,31,42,49,50,61,39,34,23,46,53,62,73,88,92,75,98,90,111,24,51,36,30,37,22,47,67,77,50,59,57,47,35,59,36,46,68,38,50,37,32,44,48,51,51,73
Södermanland,plug-in hybrid,0,0,0,0,0,0,0,0,0,0,0,0,0,0,0,0,0,0,0,0,0,0,0,0,0,0,0,0,0,0,0,0,0,0,0,0,0,0,0,0,0,0,0,0,0,0,0,0,0,0,0,0,0,0,0,0,0,0,0,0,0,0,0,0,0,0,0,0,0,0,0,0,0,0,0,0,0,0,3,2,5,0,1,0,3,3,3,0,1,3,3,0,1,0,0,0,1,1,6,3,4,5,3,2,0,4,0,0,2,2,5,4,2,3,2,19,7,7,5,18,2,2,13,10,6,9,8,6,10,7,9,14,7,2,7,10,12,14,17,20,18,23,25,26,11,16,26,10,13,12,25,15,25,16,18,36,17,22,27,45,40,39,12,26,31,29,24,32,41,33,64,54,32,50,83,99,114,86,113,170,94,112,248,79,78,138,89,98,92,134,130,103,115,75,119
Södermanland,ethanol/ethanol flexifuel,37,68,49,35,47,43,32,37,42,22,50,67,38,51,75,42,55,51,57,52,77,92,82,80,94,82,86,97,113,94,67,73,126,120,102,66,59,55,92,88,84,116,73,83,69,47,70,78,60,80,63,51,72,46,35,58,60,54,58,76,13,16,18,24,19,39,32,30,36,27,28,34,12,10,10,11,10,4,7,3,7,6,3,4,2,2,3,6,4,3,6,7,4,4,4,8,5,1,5,1,3,4,3,2,0,7,0,1,2,0,0,1,1,1,7,3,0,2,2,0,4,3,1,9,0,6,0,0,13,0,6,1,1,0,0,0,11,7,2,2,9,1,0,1,0,0,1,1,1,6,2,4,1,0,2,2,0,0,0,0,0,0,0,8,5,5,8,6,0,0,0,0,0,0,0,0,0,0,0,0,0,0,0,2,2,4,6,1,2,3,3,4,0,6,8
Södermanland,gas/gas flex,1,3,4,3,12,5,11,3,14,4,14,7,1,2,10,7,3,6,2,3,3,3,1,0,2,0,3,6,7,5,6,3,30,1,5,4,17,8,12,15,11,17,17,15,16,16,6,8,19,15,19,18,16,5,8,19,10,6,10,5,6,5,10,13,17,9,7,15,21,16,12,6,19,7,18,4,8,2,5,8,4,9,10,2,2,4,7,7,6,7,3,4,8,6,8,6,3,4,6,13,3,6,3,1,7,13,7,6,3,8,12,10,14,8,0,10,1,4,9,5,21,9,13,5,8,15,5,15,13,3,24,9,11,19,4,7,8,3,3,3,21,37,17,6,9,4,15,1,5,10,19,27,5,4,5,0,2,1,1,0,5,12,16,60,12,2,15,10,3,15,3,1,3,5,6,26,14,9,11,1,0,3,2,2,0,2,8,11,6,2,0,14,10,5,5
Södermanland,other fuels,1,0,0,0,0,0,0,0,0,0,0,0,0,0,0,0,0,1,0,0,0,0,0,0,0,0,0,0,0,0,0,0,0,0,0,0,0,0,0,0,0,0,0,0,0,0,0,0,1,0,0,0,0,0,0,0,0,0,0,0,0,0,0,0,0,0,0,0,0,0,0,0,0,0,1,0,1,0,1,1,0,0,0,0,0,0,0,0,0,0,0,0,0,0,0,1,0,0,0,0,0,0,0,0,0,0,0,1,0,0,0,0,0,0,0,0,0,1,0,0,0,0,0,0,0,0,0,0,0,0,0,0,0,0,0,0,0,1,0,0,0,0,0,0,0,0,0,0,0,0,0,0,0,0,0,0,0,0,0,0,0,0,0,0,0,0,0,0,0,0,0,0,0,0,0,0,0,0,0,0,0,0,0,0,0,0,1,0,0,0,0,0,0,0,0
Östergötland,petrol,561,577,792,882,1011,897,651,695,774,727,685,579,490,495,771,718,779,695,542,584,558,615,487,440,322,357,411,563,464,416,321,321,357,353,266,228,174,244,262,291,320,364,233,229,324,340,295,276,216,238,357,409,414,483,329,353,428,414,378,360,306,281,436,483,428,416,324,395,371,380,362,308,239,246,397,346,342,385,273,328,356,332,377,344,255,234,345,354,441,342,285,377,396,464,381,342,322,404,452,485,508,437,367,465,417,433,395,386,311,337,478,521,470,546,432,473,548,498,503,423,326,412,590,564,610,690,468,543,650,575,523,602,339,440,669,507,589,549,472,590,564,624,661,559,461,473,668,726,863,1439,260,520,408,510,542,472,316,424,567,569,568,610,445,583,519,565,567,1002,257,328,393,287,296,400,396,446,458,394,347,363,312,305,668,305,300,399,286,238,277,249,200,215,223,196,246
Östergötland,diesel,124,139,202,175,199,243,177,194,201,243,252,282,285,274,362,396,400,419,320,405,371,482,436,734,182,321,354,433,415,386,268,284,340,289,214,263,161,206,261,280,307,385,238,213,333,383,400,386,260,355,498,552,468,561,395,461,583,592,571,656,497,541,712,712,833,746,477,622,755,746,669,619,479,513,776,660,666,647,489,557,666,625,581,722,396,418,534,615,635,542,473,508,593,628,612,683,455,515,555,660,701,685,460,538,663,596,547,618,422,485,690,641,697,784,565,552,726,697,745,719,478,522,718,704,730,782,432,509,624,566,597,740,494,541,690,600,662,685,446,500,592,576,497,482,357,376,478,392,545,968,71,224,216,227,284,286,265,322,375,365,391,368,241,315,276,303,268,442,109,187,247,192,155,247,186,188,177,171,128,233,156,143,364,127,124,190,126,110,86,113,112,98,90,95,134
Östergötland,electricity,0,0,0,0,0,0,0,0,0,0,0,0,0,0,0,0,0,0,0,0,0,0,0,0,0,0,0,0,0,0,0,0,0,0,0,0,0,0,0,0,0,0,0,0,0,1,0,0,0,0,0,0,0,0,0,0,0,0,0,0,0,0,0,1,0,0,0,0,0,0,1,0,0,2,0,1,0,0,0,0,0,2,1,0,0,0,0,0,1,0,0,2,1,1,1,1,0,3,1,0,3,4,1,2,4,3,0,5,1,1,2,2,10,13,7,8,4,5,10,18,6,7,14,14,4,8,3,6,9,19,7,9,4,4,24,17,7,13,7,7,19,19,23,16,13,18,36,15,9,9,16,13,11,22,62,52,53,47,83,50,45,50,53,31,74,33,35,54,54,63,89,36,27,58,54,78,147,84,102,248,35,72,94,160,143,233,97,173,329,127,214,444,216,211,374
Östergötland,electric hybrid,7,4,5,14,7,18,13,9,21,4,9,9,16,8,14,4,11,4,6,6,9,5,5,13,9,15,7,15,14,10,11,13,13,10,6,12,3,5,1,2,4,8,4,10,24,27,13,9,10,7,15,21,14,10,4,12,21,17,15,11,12,9,10,10,9,10,5,8,8,4,5,8,2,4,2,0,4,7,12,13,9,11,14,13,9,14,12,15,11,17,8,22,32,21,12,21,28,17,29,24,24,49,20,20,36,30,40,73,22,22,55,13,9,23,24,24,61,59,70,69,46,64,77,59,90,60,45,72,104,72,77,117,76,74,115,102,110,109,80,82,78,106,140,140,85,49,73,106,109,177,31,82,85,107,96,100,78,68,95,136,182,114,137,151,144,177,202,269,52,92,90,86,69,78,77,122,170,152,144,99,99,103,206,102,125,142,84,98,91,67,66,87,71,75,133
Östergötland,plug-in hybrid,0,0,0,0,0,0,0,0,0,0,0,0,0,0,0,0,0,0,0,0,0,0,0,0,0,0,0,0,0,0,0,0,0,0,0,0,0,0,0,0,0,0,0,0,0,0,0,0,0,0,0,0,0,0,0,0,0,0,0,0,0,0,0,0,0,0,0,0,0,0,0,0,0,0,0,1,1,2,5,8,10,3,4,4,5,9,3,2,0,3,0,0,2,2,4,1,2,2,16,13,6,12,3,5,5,3,3,6,4,0,6,8,5,8,4,7,8,5,7,39,5,9,25,18,29,12,19,15,18,13,18,14,12,9,15,22,20,32,25,37,38,59,46,45,47,41,24,52,39,134,53,37,41,40,34,41,41,45,47,31,48,40,23,40,54,57,64,58,103,112,92,73,66,95,142,147,147,187,195,283,177,163,416,120,132,180,107,118,158,239,143,190,221,184,221
Östergötland,ethanol/ethanol flexifuel,66,62,124,82,109,112,67,103,102,58,143,76,54,59,104,87,120,132,105,75,136,158,173,157,188,200,149,230,252,181,178,174,263,211,156,163,114,126,216,229,215,209,79,157,161,163,116,114,104,104,136,111,137,139,90,138,215,136,115,146,31,24,39,47,66,48,57,53,56,68,49,44,19,17,44,31,24,42,17,21,15,21,17,17,3,2,5,8,13,15,16,35,25,26,4,11,27,24,17,11,5,6,1,16,11,14,3,2,6,1,9,9,5,13,7,3,8,6,8,4,1,1,1,1,7,6,6,12,1,1,3,2,16,3,10,10,6,1,1,1,3,1,0,2,2,11,5,5,4,0,4,11,0,1,8,0,0,0,1,2,4,1,1,27,4,8,3,10,0,0,0,0,0,1,0,0,0,0,0,1,0,0,0,3,5,9,12,11,9,8,4,9,3,11,25
Östergötland,gas/gas flex,21,11,10,13,13,9,9,12,20,8,12,17,7,7,20,7,15,9,3,4,3,7,4,11,3,7,7,7,0,12,6,8,20,15,27,19,3,14,34,48,35,46,29,81,49,45,23,34,14,36,21,20,24,15,15,21,20,34,15,15,17,19,30,22,23,18,10,23,48,31,31,25,24,18,39,27,21,25,21,19,24,26,20,22,24,8,18,25,11,16,11,23,14,33,16,5,27,11,14,20,40,48,17,25,19,26,14,23,19,13,20,44,20,9,6,7,23,12,14,21,10,11,10,12,16,23,10,20,19,22,19,16,13,18,12,0,11,0,4,22,38,27,17,8,14,14,10,7,6,1,8,12,6,1,0,5,3,12,5,6,12,8,2,14,11,12,7,25,6,7,37,9,0,3,4,27,2,2,2,2,2,3,5,5,3,1,0,0,0,0,0,23,1,0,0
Östergötland,other fuels,0,0,0,0,0,0,0,0,0,0,0,0,0,0,0,0,0,0,0,0,0,0,0,0,0,0,0,0,0,0,0,0,0,0,0,0,0,0,0,0,0,0,0,0,0,0,0,0,0,0,0,0,0,0,0,1,0,0,0,0,0,0,0,0,0,0,0,0,0,0,0,0,0,0,0,0,0,0,0,0,0,3,0,0,0,0,0,0,0,0,0,0,1,0,0,0,0,0,0,0,0,0,1,0,0,0,0,0,0,0,0,0,0,0,0,0,0,0,0,0,0,0,0,0,0,0,0,0,0,0,0,0,0,0,0,0,1,0,1,0,1,2,0,0,0,0,0,0,1,0,0,1,0,0,0,0,0,0,0,0,0,1,0,0,0,0,0,0,0,0,1,0,0,1,0,0,1,0,0,0,0,0,0,0,0,1,0,0,0,0,0,0,0,0,0
Jönköping,petrol,790,678,739,918,1009,829,658,743,782,756,689,536,667,608,836,824,810,734,539,661,641,697,478,345,411,393,496,539,486,384,315,309,391,318,207,230,195,232,282,306,305,376,301,273,363,383,363,269,345,280,461,486,434,482,374,440,391,424,406,388,398,284,484,528,593,409,343,434,370,281,325,295,229,236,469,333,351,355,264,330,252,278,250,357,181,251,317,413,420,374,296,364,380,351,401,456,349,289,417,435,540,456,370,454,484,597,403,343,285,358,555,534,418,523,436,448,502,470,541,448,401,445,592,532,555,632,487,522,520,603,494,616,327,453,645,477,566,640,406,570,502,613,528,555,385,465,656,709,812,1425,246,479,337,407,570,387,328,441,553,575,547,553,445,585,523,555,599,1078,321,333,450,360,330,474,411,420,387,437,451,393,359,331,673,300,361,388,262,281,238,264,252,255,200,155,274
Jönköping,diesel,148,142,219,208,242,243,172,201,231,305,347,291,324,347,393,391,416,395,295,343,470,535,502,825,221,406,453,487,443,389,267,292,322,348,256,332,233,263,325,302,248,439,324,324,302,425,351,345,325,383,569,551,563,641,437,552,601,620,660,695,539,544,795,736,815,768,497,598,666,712,666,627,530,563,766,649,673,667,419,541,604,597,639,687,404,345,577,733,615,535,460,520,644,610,601,724,406,464,648,706,710,762,502,527,654,627,585,578,526,590,745,735,708,790,488,618,616,750,749,642,445,484,760,756,659,776,478,512,528,527,581,665,437,527,700,634,693,748,451,511,549,538,509,408,317,402,581,452,557,1394,119,268,217,250,321,297,275,327,395,395,359,338,224,260,238,294,296,464,154,210,257,196,155,260,174,251,173,165,163,228,205,185,395,121,169,254,157,102,96,135,111,112,81,98,162
Jönköping,electricity,0,0,0,0,0,0,0,0,0,0,0,0,0,0,0,0,0,0,0,0,0,0,0,0,0,0,0,0,0,0,0,0,0,0,0,0,0,0,0,0,0,0,0,0,0,0,0,0,0,0,0,0,0,0,0,0,0,0,0,0,0,1,1,2,1,0,0,0,0,0,0,1,0,0,1,0,0,0,0,0,0,0,1,0,0,0,0,1,0,3,0,0,2,0,0,3,1,1,3,1,0,2,4,8,1,2,1,12,0,2,13,20,17,10,3,12,5,8,6,15,6,4,11,10,12,6,0,5,14,6,2,16,6,5,10,12,11,11,11,9,5,8,1,14,3,7,30,41,2,4,16,30,15,21,29,38,32,19,40,52,35,43,26,43,29,23,23,56,41,48,77,42,15,39,33,76,96,67,95,210,45,32,69,164,110,211,87,182,276,128,160,365,166,163,290
Jönköping,electric hybrid,9,3,8,20,18,15,15,9,16,10,10,5,12,13,8,15,15,12,7,11,9,9,9,10,9,12,9,20,15,11,9,7,11,7,5,10,4,2,8,3,7,18,10,14,21,24,17,9,9,4,10,16,16,12,7,7,11,8,12,19,6,7,15,11,13,14,8,13,14,9,7,11,3,3,9,10,13,6,16,2,11,10,7,11,8,5,8,11,9,4,13,8,9,15,10,4,15,7,7,15,8,11,10,13,7,20,14,18,16,19,30,12,11,21,15,28,34,23,24,34,22,45,34,27,56,29,35,45,56,30,49,51,38,37,56,42,66,57,26,74,45,57,56,46,48,53,63,66,74,103,34,42,50,56,59,51,57,50,76,80,112,92,91,108,111,140,125,276,40,57,50,55,53,52,59,115,117,113,113,64,94,84,131,59,84,114,72,71,92,75,65,73,66,116,126
Jönköping,plug-in hybrid,0,0,0,0,0,0,0,0,0,0,0,0,0,0,0,0,0,0,0,0,0,0,0,0,0,0,0,0,0,0,0,0,0,0,0,0,0,0,0,0,0,0,0,0,0,0,0,0,0,0,0,0,0,0,0,0,0,0,0,0,0,0,0,0,0,0,0,0,0,0,0,0,0,0,0,1,0,1,2,2,6,3,2,1,2,5,2,1,2,3,1,1,0,2,2,1,1,10,16,32,16,33,20,17,2,13,18,4,12,4,7,9,15,35,14,9,13,23,31,171,8,21,18,15,34,45,20,28,39,34,75,38,28,33,54,25,32,34,28,59,48,53,59,48,45,39,48,35,53,56,31,23,66,39,36,30,53,36,42,26,38,37,28,30,42,45,84,83,85,72,85,70,56,70,113,146,159,159,166,229,146,147,341,112,146,191,73,114,103,130,165,182,139,129,164
Jönköping,ethanol/ethanol flexifuel,90,72,106,74,78,80,86,76,71,51,97,79,57,59,65,98,110,96,96,83,166,154,153,145,187,183,166,197,224,163,115,209,220,242,190,126,100,81,133,131,175,172,45,126,111,68,63,85,160,137,120,124,122,96,92,112,117,98,98,142,32,42,41,54,74,52,28,86,69,53,56,17,25,14,22,11,10,11,9,12,15,18,22,12,5,2,3,4,5,4,24,27,20,24,7,17,13,3,7,20,1,4,1,9,16,7,7,8,6,14,9,8,3,2,1,22,4,1,8,5,14,12,3,6,9,4,0,6,11,2,8,0,4,10,2,3,9,9,3,11,10,7,4,5,5,3,0,0,1,0,0,0,0,0,0,2,0,1,0,0,1,0,0,9,5,5,3,26,0,0,0,1,0,0,0,0,0,0,0,0,0,0,1,0,2,10,11,3,7,4,2,11,5,9,7
Jönköping,gas/gas flex,4,6,6,21,19,4,14,5,11,4,14,5,15,7,9,4,4,3,5,2,1,2,5,3,1,7,2,2,3,5,0,3,4,21,4,3,9,4,18,9,15,26,17,35,21,25,11,15,13,29,20,28,18,12,8,17,18,15,3,16,13,17,18,16,13,13,4,12,16,27,14,9,10,22,19,8,9,16,14,3,23,22,21,12,4,14,8,7,8,9,10,8,11,16,2,14,5,8,10,11,5,11,12,7,19,8,5,15,16,14,11,14,8,5,3,19,15,5,9,13,3,6,10,3,7,15,0,10,12,2,9,2,6,2,7,7,9,3,2,13,25,10,13,13,6,9,7,9,14,4,5,28,4,2,3,3,1,0,0,10,6,26,7,55,27,14,11,4,27,17,22,16,3,12,1,22,13,3,8,8,2,13,12,15,15,8,4,1,2,1,1,1,3,1,1
Jönköping,other fuels,0,0,0,0,0,0,0,0,0,0,0,0,0,0,0,0,0,0,0,0,0,0,0,0,0,0,0,0,0,0,1,0,0,0,0,0,0,0,0,0,0,0,0,0,0,0,2,0,0,0,0,0,0,0,0,0,0,0,0,0,1,0,0,0,0,0,0,0,0,0,0,0,0,1,0,0,0,0,0,0,0,0,0,0,1,0,1,0,0,0,0,0,0,0,1,1,0,0,0,0,0,0,0,0,0,0,0,0,0,0,0,0,0,0,1,0,0,0,0,0,0,0,0,0,0,1,0,0,0,0,0,0,0,0,0,0,0,0,0,0,0,0,0,0,0,0,0,0,0,0,0,0,0,1,0,0,0,0,0,0,0,0,0,0,0,0,0,0,0,0,1,0,0,0,0,0,0,0,0,0,0,0,0,0,0,0,1,0,0,0,0,0,0,0,0
Kronoberg,petrol,324,274,413,433,511,464,347,363,415,412,326,302,319,273,445,381,387,377,270,298,244,328,225,174,187,188,241,280,245,220,177,168,191,170,104,115,104,118,161,156,162,193,129,113,215,153,179,125,158,131,215,266,220,211,206,231,212,250,178,201,180,187,247,268,256,214,199,216,189,164,176,158,108,130,182,172,197,172,155,165,168,159,181,156,112,124,164,221,209,216,162,187,220,185,209,207,172,178,245,252,226,246,189,222,251,214,206,181,150,215,253,252,195,253,181,232,274,248,262,237,184,208,293,257,290,292,209,225,265,274,276,285,162,227,322,280,281,288,240,275,285,279,267,287,225,214,360,340,350,546,144,232,183,232,228,147,144,173,252,237,234,257,215,266,245,249,256,437,118,163,197,157,141,165,178,171,224,199,179,192,136,158,279,161,140,152,134,116,130,110,107,142,89,89,110
Kronoberg,diesel,75,59,90,103,132,132,111,109,130,152,154,144,172,172,179,160,238,205,132,187,185,252,278,345,122,195,208,231,219,223,145,143,198,151,114,138,76,115,129,163,148,187,128,125,201,252,196,210,178,202,319,305,301,343,241,227,335,333,314,366,277,304,397,404,420,365,324,317,322,363,350,350,290,268,403,332,352,382,263,279,335,331,338,368,220,207,275,334,311,307,251,318,372,338,326,376,248,252,347,373,351,359,252,273,293,359,321,326,216,311,408,386,389,380,304,291,335,380,326,372,257,301,382,334,332,387,232,302,302,287,320,331,218,321,424,321,329,385,206,243,239,235,240,260,172,183,206,231,245,366,66,147,91,108,154,144,91,129,146,159,150,116,93,115,110,111,134,159,52,81,88,80,49,89,90,64,89,86,85,97,64,60,140,49,55,109,40,30,45,40,42,58,42,52,42
Kronoberg,electricity,0,0,0,0,0,0,0,0,0,0,0,0,0,0,0,0,0,0,0,0,0,0,0,0,0,0,0,0,0,0,0,0,0,0,0,0,0,0,0,0,0,0,0,1,0,0,0,0,0,0,0,0,0,0,0,0,0,0,0,0,0,5,3,0,0,0,0,0,0,1,0,0,0,1,0,1,0,0,0,0,0,0,0,0,0,0,0,0,0,1,0,0,1,0,0,0,1,0,4,1,2,2,0,1,0,4,2,1,1,1,2,2,7,2,3,0,3,1,3,1,5,4,4,5,3,3,1,3,4,3,4,5,4,2,8,2,3,4,3,5,3,7,1,1,3,3,7,6,3,2,3,4,11,11,22,16,29,16,31,20,15,22,9,13,20,8,9,23,24,26,42,15,22,31,31,48,57,33,32,76,21,29,36,64,51,81,38,91,133,89,91,139,75,80,118
Kronoberg,electric hybrid,0,0,3,3,1,3,1,2,1,1,1,3,1,3,2,2,0,4,3,1,0,2,0,1,0,5,2,1,6,1,5,8,2,4,1,1,2,3,1,5,3,5,3,3,7,5,5,2,4,2,9,4,2,1,3,5,2,6,2,5,2,2,1,4,2,3,2,3,4,0,5,4,3,0,3,0,1,1,5,3,1,0,4,2,1,1,2,2,1,4,5,5,9,8,8,5,8,5,0,3,4,6,1,3,12,5,6,4,8,16,10,6,4,7,6,2,8,4,5,15,14,17,10,10,10,14,5,17,15,23,19,12,8,27,9,16,19,23,10,24,19,33,27,31,20,16,17,22,31,48,9,43,18,17,25,15,18,25,41,38,35,41,31,47,41,58,60,61,35,27,32,26,28,13,24,39,44,57,52,49,24,32,54,23,39,43,18,30,26,36,34,55,30,45,60
Kronoberg,plug-in hybrid,0,0,0,0,0,0,0,0,0,0,0,0,0,0,0,0,0,0,0,0,0,0,0,0,0,0,0,0,0,0,0,0,0,0,0,0,0,0,0,0,0,0,0,0,0,0,0,0,0,0,0,0,0,0,0,0,0,0,0,0,0,0,0,0,0,0,0,0,0,0,0,0,0,0,0,0,0,0,0,5,1,2,2,0,0,3,1,0,0,2,0,3,1,2,1,0,1,4,1,4,3,10,0,7,3,3,0,0,2,2,3,2,3,2,0,2,2,0,8,31,2,7,12,8,11,13,11,8,13,15,21,13,14,16,17,11,25,13,8,17,26,27,25,18,24,18,18,24,20,15,17,22,19,20,14,18,17,18,17,19,21,23,12,16,19,27,26,24,41,51,35,48,23,38,71,55,72,70,86,109,68,88,170,39,59,85,49,70,55,79,75,69,67,80,108
Kronoberg,ethanol/ethanol flexifuel,26,32,44,35,47,32,29,43,42,31,33,50,29,33,41,38,70,60,56,52,53,93,84,63,67,83,99,109,101,85,90,71,102,136,71,67,27,41,62,122,82,112,32,53,96,49,65,47,49,51,49,58,74,51,44,66,103,53,64,56,12,24,37,45,58,23,33,33,18,32,30,33,12,24,13,18,7,8,9,10,23,13,12,52,17,8,8,9,4,1,12,6,5,20,14,4,4,8,16,4,3,9,4,25,14,5,6,5,5,5,9,4,1,6,6,18,11,11,6,7,2,11,10,8,1,3,2,9,2,0,4,1,0,0,1,1,1,5,4,0,0,1,0,2,1,1,4,2,0,0,0,2,0,0,0,0,0,0,0,0,0,0,0,0,2,1,2,2,0,0,0,0,0,0,0,1,0,0,0,0,0,0,1,0,2,2,4,2,2,2,2,4,2,4,2
Kronoberg,gas/gas flex,0,2,0,2,0,2,1,1,0,1,1,0,0,0,2,1,3,0,0,3,2,0,0,0,0,1,0,0,0,1,0,0,0,1,0,1,0,0,2,0,5,2,1,11,6,9,4,5,1,7,2,7,15,10,6,14,16,5,4,1,6,2,5,4,29,2,2,3,8,10,4,8,4,3,4,4,4,5,3,4,3,6,5,3,0,8,11,8,6,3,5,4,1,2,4,4,7,13,7,8,9,3,4,6,4,5,2,1,11,4,10,14,7,0,0,14,11,10,3,8,2,9,13,6,3,5,6,3,5,15,9,18,2,0,2,1,2,4,2,11,9,8,5,5,4,3,7,5,9,4,3,19,17,1,0,2,3,0,15,5,5,25,25,24,13,4,2,1,15,23,12,5,2,4,3,14,1,2,17,2,0,11,6,2,8,2,0,0,0,1,3,9,2,1,4
Kronoberg,other fuels,0,0,0,0,0,0,0,0,0,0,0,0,0,0,0,0,0,0,0,0,0,0,0,0,0,0,0,0,0,0,0,0,0,0,0,0,0,0,0,0,0,0,0,0,0,0,0,0,0,0,0,0,0,0,0,0,0,0,0,0,0,1,1,0,0,0,1,0,1,0,0,0,0,0,1,0,0,0,1,0,0,0,0,0,0,0,0,0,0,0,0,0,0,0,0,0,0,0,0,0,0,1,0,0,0,0,0,0,0,0,0,0,0,0,0,0,0,0,0,0,0,0,0,0,0,0,0,0,0,1,0,0,1,0,0,0,0,0,0,0,0,0,0,2,1,0,1,0,0,0,0,0,0,0,0,0,0,0,0,0,0,0,0,0,0,0,0,0,0,0,0,0,0,0,0,0,0,0,0,1,0,0,1,1,0,0,0,0,0,0,0,0,0,0,0
Kalmar,petrol,327,346,492,584,594,550,415,351,542,443,409,326,311,279,455,514,458,421,328,328,366,355,305,205,173,225,249,320,320,226,189,192,231,214,173,134,92,145,170,208,160,215,135,135,163,223,191,158,132,157,232,234,215,251,192,204,216,229,179,205,147,166,301,278,237,193,170,234,235,178,164,161,119,123,221,201,229,225,201,196,188,203,207,137,125,125,178,227,220,218,197,206,217,234,235,199,140,141,251,270,258,251,188,199,220,276,217,241,205,213,312,303,269,298,244,240,351,253,320,294,194,245,304,341,405,389,315,329,312,377,325,365,216,228,411,279,390,366,269,287,331,368,311,413,244,244,408,401,439,825,148,256,195,268,244,230,194,244,298,315,317,301,238,365,266,300,276,527,118,166,281,206,129,254,179,199,241,198,197,220,159,177,414,143,187,242,147,146,144,117,148,119,109,152,170
Kalmar,diesel,57,78,96,102,130,126,81,103,141,160,165,168,152,165,199,181,219,169,180,169,183,277,253,339,103,152,187,235,230,156,149,146,168,165,130,170,74,93,124,106,98,175,127,117,169,178,157,170,138,165,256,268,232,283,193,249,299,281,288,299,254,254,378,427,378,334,307,449,356,318,405,276,215,288,384,387,389,365,261,288,422,346,349,367,233,201,259,349,380,319,218,288,275,255,278,385,183,210,283,340,338,379,234,284,269,331,282,312,255,285,374,368,323,370,269,361,303,355,328,380,237,287,340,375,399,415,262,248,346,337,371,395,276,265,392,337,352,371,250,353,295,287,276,270,158,219,284,309,331,613,69,132,126,160,179,173,139,200,197,220,214,171,133,174,179,181,167,332,57,84,142,131,55,162,109,151,118,92,98,191,84,99,234,52,97,112,60,70,55,64,60,89,64,78,93
Kalmar,electricity,0,0,0,0,0,0,0,0,0,0,0,0,0,0,0,0,0,0,0,0,0,0,0,0,0,0,0,0,0,0,0,0,0,0,0,0,0,0,0,0,0,0,0,0,0,0,0,0,0,0,0,0,0,0,0,0,0,0,0,0,0,0,1,0,1,0,0,0,1,0,1,0,0,0,0,0,0,0,0,0,0,0,0,1,0,1,0,0,0,0,0,1,1,1,0,0,1,0,0,0,0,1,0,2,0,3,0,4,1,1,7,1,2,2,6,2,3,5,2,3,4,3,13,9,4,8,0,4,1,1,3,26,4,4,15,16,5,8,0,14,26,13,0,3,3,2,11,4,3,2,8,3,7,9,15,8,24,13,25,6,16,19,15,7,23,4,13,6,24,20,33,19,7,13,17,24,57,19,40,95,20,21,24,74,39,73,35,79,93,66,62,123,74,64,137
Kalmar,electric hybrid,2,1,1,4,2,8,6,6,6,2,7,5,11,2,2,23,47,2,2,4,3,5,0,7,6,2,13,6,7,3,3,3,7,1,1,3,4,3,1,3,0,3,0,6,13,6,6,2,8,3,9,8,4,4,0,4,8,2,12,1,8,1,2,4,3,0,1,5,6,1,4,0,1,1,0,3,0,2,7,7,4,4,1,3,5,2,6,2,6,3,4,7,7,2,3,4,6,4,6,4,6,9,2,9,11,3,10,8,4,8,3,5,4,12,4,4,13,10,7,16,12,25,20,11,24,15,14,17,16,31,18,19,12,23,36,25,19,34,21,24,32,53,19,40,16,19,25,24,16,46,27,28,42,38,15,22,17,11,24,32,41,37,39,67,44,57,45,104,19,22,19,15,20,14,14,24,32,44,28,29,22,23,25,21,20,35,24,28,26,18,22,31,23,28,44
Kalmar,plug-in hybrid,0,0,0,0,0,0,0,0,0,0,0,0,0,0,0,0,0,0,0,0,0,0,0,0,0,0,0,0,0,0,0,0,0,0,0,0,0,0,0,0,0,0,0,0,0,0,0,0,0,0,0,0,0,0,0,0,0,0,0,0,0,0,0,0,0,0,0,0,0,0,0,0,0,0,0,0,0,0,1,2,0,1,0,0,1,1,3,2,0,0,1,2,1,1,1,1,1,0,3,4,3,4,2,11,3,7,1,9,3,0,2,1,3,4,0,3,6,5,5,28,1,2,12,9,16,10,11,12,18,12,24,11,8,11,18,9,15,13,12,11,13,35,20,17,12,8,14,13,7,8,16,19,14,8,14,14,14,12,20,12,16,16,7,12,11,12,25,16,25,34,37,24,26,46,61,60,62,62,69,100,60,73,162,47,69,63,47,50,57,89,78,91,72,59,91
Kalmar,ethanol/ethanol flexifuel,32,22,57,28,44,50,16,31,57,45,39,36,42,32,40,44,50,47,44,52,60,110,61,104,76,72,62,116,122,97,96,98,108,132,64,65,52,58,100,58,108,129,41,41,64,56,61,47,57,52,61,54,74,48,40,70,50,72,126,107,7,10,20,29,46,35,34,21,20,23,27,37,18,17,28,13,27,12,7,7,7,8,9,4,3,12,5,0,7,4,6,6,4,4,3,2,2,2,9,6,3,2,1,7,5,3,4,2,0,0,0,1,0,0,2,1,0,1,0,0,0,0,0,1,0,2,0,0,0,1,1,0,0,0,0,0,0,0,0,0,0,1,0,0,0,0,0,1,0,1,0,0,0,0,0,0,0,0,0,0,0,0,0,5,4,0,2,12,0,0,0,0,0,1,0,0,0,0,0,0,0,0,0,0,1,2,1,1,2,2,2,3,0,1,6
Kalmar,gas/gas flex,0,2,0,1,3,1,2,1,2,1,1,2,1,0,0,1,0,0,4,1,0,0,0,1,0,0,0,1,1,0,2,1,0,4,1,4,0,1,3,6,10,4,4,5,11,5,5,6,4,8,6,8,7,4,2,9,4,7,1,1,1,5,15,4,1,6,1,3,7,13,10,0,2,2,8,2,10,5,9,5,4,3,5,4,2,3,0,2,3,7,3,4,6,1,0,5,4,4,10,2,5,4,2,8,12,12,3,11,2,6,5,7,6,3,8,6,11,9,4,6,1,13,6,12,8,15,3,5,9,4,5,4,9,4,11,2,9,5,3,6,17,9,60,12,12,3,5,11,10,9,3,7,2,2,3,3,1,3,54,20,2,25,35,20,22,13,24,81,25,28,21,37,5,13,9,46,26,41,42,28,10,26,12,1,17,35,23,4,16,3,3,16,25,23,24
Kalmar,other fuels,0,0,0,0,0,0,0,0,0,0,0,0,0,0,0,0,0,0,0,0,0,0,0,0,0,0,0,0,0,0,0,0,0,0,0,0,0,0,0,0,0,0,0,0,0,0,0,0,0,0,1,0,0,0,0,0,0,0,0,0,0,0,0,0,0,0,0,0,0,0,0,0,0,0,0,0,0,0,0,0,0,1,0,0,0,0,1,0,0,0,0,0,0,0,0,0,0,0,0,0,0,0,1,0,0,0,0,0,0,0,1,1,0,1,0,0,0,0,0,1,1,0,0,1,0,0,0,0,0,0,0,1,0,1,1,0,1,0,0,1,0,0,0,0,0,0,0,0,0,0,0,0,0,0,0,1,0,0,0,0,0,1,0,0,0,0,0,0,0,0,0,0,0,0,0,0,0,0,0,0,0,0,0,0,0,0,0,0,0,0,0,0,0,0,0
Gotland,petrol,57,60,74,93,103,121,64,54,96,81,52,81,43,53,56,57,79,96,63,66,45,51,35,27,36,32,40,45,58,43,36,25,28,20,22,15,15,22,10,30,32,43,30,25,29,27,19,18,21,27,45,39,48,62,35,20,47,22,42,33,22,38,33,45,54,42,35,29,33,26,33,28,26,26,35,31,51,49,36,30,26,26,37,31,16,21,41,36,64,38,36,41,36,40,37,37,25,30,55,65,67,83,46,60,51,43,37,39,44,55,53,69,61,107,53,49,57,58,48,60,36,60,65,76,104,106,71,74,54,60,32,57,31,60,62,62,74,95,49,42,59,58,52,50,48,50,64,88,93,124,30,44,34,38,42,39,33,43,53,65,65,77,65,55,36,53,45,56,21,35,34,27,21,43,40,47,56,53,34,38,26,29,43,32,39,51,41,29,32,17,16,26,19,24,31
Gotland,diesel,6,7,21,12,22,19,16,18,17,16,12,22,14,18,25,30,35,36,20,23,26,35,43,63,7,19,26,41,41,33,34,26,19,23,16,21,16,20,16,25,23,39,20,21,17,29,29,31,20,33,47,43,54,67,31,45,66,45,43,48,36,42,55,80,78,55,38,54,49,51,54,39,48,47,68,53,64,77,35,50,34,53,37,46,33,22,31,30,59,47,30,36,47,42,26,33,28,50,47,57,56,86,38,40,42,48,47,50,22,32,52,55,71,71,35,42,39,44,56,44,31,39,53,52,56,60,40,44,33,42,38,34,47,31,47,40,50,83,30,41,35,34,29,22,20,20,21,37,49,47,6,6,8,7,8,12,15,18,11,20,27,30,11,27,13,20,11,20,7,7,15,18,6,12,11,5,14,10,9,12,8,24,18,19,14,16,11,12,10,10,8,7,5,5,10
Gotland,electricity,0,0,0,0,0,0,0,0,0,0,0,0,0,0,0,0,0,0,0,0,0,0,0,0,0,0,0,0,0,0,0,0,0,0,0,0,0,0,0,0,0,1,1,0,0,0,0,0,0,0,0,0,0,0,0,0,0,0,0,0,0,0,0,0,0,0,0,0,0,0,0,0,0,0,1,0,0,0,0,0,1,0,0,0,1,0,0,0,0,0,0,1,0,0,0,1,0,0,0,0,0,0,1,3,0,1,0,0,0,0,3,1,7,6,5,1,2,3,3,1,0,1,4,2,5,1,1,0,2,3,1,2,0,1,3,0,7,2,3,2,4,2,0,1,0,1,2,0,0,1,4,4,2,8,6,4,4,1,4,5,8,5,5,5,7,3,4,5,6,8,10,3,1,9,8,11,17,6,7,19,6,8,4,22,15,30,20,17,17,17,27,55,26,28,29
Gotland,electric hybrid,2,0,0,1,1,1,0,0,0,0,0,0,0,1,0,0,0,1,0,1,0,0,0,1,1,0,1,1,0,0,2,0,0,1,0,0,0,1,0,0,0,1,0,2,0,1,0,1,1,1,0,1,0,0,0,1,0,2,2,1,0,2,0,0,0,0,0,0,0,1,0,0,0,0,2,0,1,1,4,3,2,1,4,2,1,2,1,2,3,2,1,2,4,3,1,5,0,3,2,4,6,2,1,5,1,0,3,3,2,0,2,1,7,4,7,1,2,3,3,3,5,3,4,1,4,4,6,6,5,4,4,7,4,11,5,8,5,5,5,7,12,7,9,13,6,4,11,10,10,19,3,4,8,22,15,12,4,7,13,18,16,21,11,10,8,12,7,11,6,8,12,5,5,4,8,7,13,11,9,8,7,2,8,11,8,10,10,6,3,5,9,3,10,15,8
Gotland,plug-in hybrid,0,0,0,0,0,0,0,0,0,0,0,0,0,0,0,0,0,0,0,0,0,0,0,0,0,0,0,0,0,0,0,0,0,0,0,0,0,0,0,0,0,0,0,0,0,0,0,0,0,0,0,0,0,0,0,0,0,0,0,0,0,0,0,0,0,0,0,0,0,0,0,0,0,0,0,0,0,1,0,2,0,1,0,1,1,2,0,0,1,0,0,0,1,0,0,0,0,1,0,0,0,0,6,0,0,0,0,0,0,1,0,3,1,2,5,0,1,0,1,3,0,1,0,3,5,4,2,1,4,2,2,7,1,1,0,2,2,1,4,3,2,5,4,1,5,6,9,1,1,8,7,2,3,3,2,2,3,6,1,4,4,6,1,3,2,3,4,2,7,6,13,2,6,5,6,7,21,17,12,26,13,9,35,12,13,18,10,13,9,11,17,13,15,15,19
Gotland,ethanol/ethanol flexifuel,3,4,3,7,8,11,2,4,5,1,4,4,6,8,3,10,5,17,9,5,14,8,3,13,13,18,6,23,19,29,9,13,14,23,16,6,5,6,19,10,26,24,4,3,9,16,8,13,7,11,14,20,24,18,9,3,7,8,8,18,1,2,2,8,10,17,2,9,1,3,6,6,2,1,1,1,5,3,0,1,1,0,1,0,0,0,0,0,1,0,0,0,0,0,0,0,0,0,0,0,1,0,0,1,1,0,0,0,0,1,0,0,0,0,0,0,0,0,1,0,0,0,0,0,0,0,0,0,1,0,1,0,0,0,0,0,0,0,0,0,0,0,0,0,0,0,0,0,0,0,0,0,0,0,0,1,0,0,0,0,0,0,0,4,2,1,0,5,0,0,0,0,0,0,0,0,1,0,0,0,0,0,0,0,0,0,0,2,0,0,1,1,0,1,0
Gotland,gas/gas flex,0,0,0,0,0,1,0,0,0,0,0,0,0,0,0,0,0,0,0,0,0,1,0,0,0,0,0,0,0,0,0,0,0,0,0,0,0,0,0,0,0,1,0,0,2,2,3,1,2,1,4,0,1,0,0,1,1,0,0,0,2,0,0,0,2,1,0,0,0,2,2,1,0,0,0,0,0,0,0,0,0,0,2,0,2,0,0,0,0,0,0,0,2,0,22,2,24,2,0,2,12,5,13,26,3,3,8,11,2,0,6,7,0,2,0,3,3,2,8,2,1,0,2,1,0,2,0,0,0,3,1,0,1,1,0,0,0,0,0,0,5,0,6,7,2,2,2,1,0,0,22,5,0,0,0,1,0,0,0,7,8,4,2,9,0,4,1,0,1,3,3,2,1,4,0,39,12,8,0,0,0,0,0,0,2,1,1,4,0,0,0,1,0,0,0
Gotland,other fuels,0,0,0,0,0,0,0,0,0,0,0,0,0,0,0,0,0,0,0,0,0,0,0,0,0,0,0,0,0,0,0,0,0,0,0,0,0,0,0,0,0,0,0,0,0,0,0,0,0,0,0,0,0,0,0,0,0,0,0,0,0,0,0,0,0,0,0,0,0,0,0,0,0,0,0,0,0,0,0,0,0,0,0,0,0,0,0,0,0,0,0,0,0,0,0,0,0,0,0,0,0,0,0,0,0,0,0,0,0,0,0,0,0,0,0,0,0,0,0,0,0,0,0,0,0,0,0,0,0,0,0,0,0,0,0,0,0,0,0,1,0,0,0,0,0,0,0,0,0,0,0,0,0,0,0,0,0,0,0,0,0,0,0,0,0,0,0,0,0,0,0,0,0,0,0,0,0,0,0,0,0,0,0,0,0,0,0,0,0,0,0,0,0,0,0
Blekinge,petrol,207,202,286,293,330,373,251,268,267,274,256,255,192,215,349,338,318,231,217,228,202,257,214,163,111,132,157,214,170,173,139,150,119,136,110,75,59,78,99,119,81,116,99,89,96,111,111,114,60,108,169,127,138,153,109,111,124,115,142,131,106,93,181,155,167,147,112,132,129,124,113,105,77,84,146,109,145,114,118,131,104,108,128,124,61,87,140,107,142,114,101,109,165,141,155,112,105,107,149,151,158,145,115,129,134,127,121,106,93,105,176,184,141,151,151,154,161,170,171,165,106,144,173,198,185,233,161,185,220,190,190,255,101,150,203,199,210,209,148,150,201,195,199,194,147,140,217,239,272,321,105,184,146,150,152,171,118,146,158,180,189,225,162,197,167,168,207,244,78,130,168,119,84,145,122,148,127,164,116,159,121,132,238,116,130,138,99,101,109,88,66,86,91,82,98
Blekinge,diesel,39,36,36,41,38,68,45,53,57,65,78,54,68,66,85,91,85,83,91,83,91,128,126,199,53,83,95,115,126,110,60,55,65,96,62,45,40,55,57,56,60,84,58,57,71,101,91,107,72,104,138,126,128,172,121,136,147,154,161,204,121,130,156,202,195,186,146,129,186,168,172,172,122,122,198,143,189,163,132,145,173,167,185,212,116,107,119,170,154,126,111,101,151,151,155,134,102,105,164,194,157,188,140,121,138,137,133,157,120,172,166,215,184,174,142,172,179,221,172,218,149,201,184,182,222,222,156,182,148,177,178,243,125,128,199,148,162,201,127,151,164,151,110,128,100,96,144,130,160,248,20,88,59,72,70,75,74,116,104,99,103,76,59,121,86,91,99,116,35,39,74,40,25,47,44,58,63,48,47,88,39,57,104,31,42,48,45,25,39,29,32,40,18,35,40
Blekinge,electricity,0,0,0,0,0,0,0,0,0,0,0,0,0,0,0,0,0,0,0,0,0,0,0,0,0,0,0,0,0,0,0,0,0,0,0,0,0,0,0,0,0,0,0,0,0,0,0,0,0,0,0,0,0,0,0,0,0,0,0,0,0,1,0,0,1,0,0,0,0,0,0,0,0,0,0,0,1,0,0,0,0,0,0,0,0,1,0,0,0,0,0,0,1,1,0,1,0,0,1,0,0,0,1,0,0,1,1,0,0,0,1,5,9,3,4,6,6,7,7,2,1,3,7,4,1,0,6,3,2,1,11,8,5,5,8,6,8,12,4,2,8,2,2,0,2,0,4,2,1,1,6,12,14,2,8,8,20,7,24,12,18,16,8,13,13,10,11,14,13,9,8,9,7,8,9,13,23,33,18,44,5,8,25,46,39,59,22,38,69,51,56,107,68,52,96
Blekinge,electric hybrid,0,1,0,1,1,1,1,2,1,2,1,1,0,0,2,2,1,1,0,1,5,3,2,2,2,2,1,0,4,1,2,1,3,0,0,2,1,1,1,1,1,0,1,2,5,3,3,3,3,3,3,0,1,4,1,2,2,1,1,2,2,1,3,0,1,2,1,1,1,2,1,0,0,0,0,0,0,6,2,2,1,3,1,1,2,1,0,2,2,0,2,2,1,5,2,1,9,4,1,4,3,3,3,4,2,2,1,1,2,1,6,1,3,5,9,0,6,3,6,4,4,6,6,2,4,4,12,7,9,13,7,14,23,9,11,19,12,10,24,20,15,16,10,24,14,15,18,23,29,17,11,22,16,23,18,12,24,7,25,20,20,31,26,35,23,39,40,33,13,17,18,15,16,8,15,24,28,33,32,27,25,32,39,25,28,34,19,23,25,22,14,33,31,38,25
Blekinge,plug-in hybrid,0,0,0,0,0,0,0,0,0,0,0,0,0,0,0,0,0,0,0,0,0,0,0,0,0,0,0,0,0,0,0,0,0,0,0,0,0,0,0,0,0,0,0,0,0,0,0,0,0,0,0,0,0,0,0,0,0,0,0,0,0,0,0,0,0,0,0,0,0,0,0,0,0,0,0,0,0,0,1,1,2,2,0,0,2,4,0,0,1,1,0,0,0,0,0,0,0,1,0,0,4,5,0,1,2,1,0,0,0,1,0,0,0,2,1,2,2,0,2,2,0,6,5,6,1,2,4,9,3,7,5,1,4,4,3,4,8,4,9,4,10,10,8,5,8,9,13,9,13,11,11,12,16,8,11,11,8,7,8,11,10,15,10,9,8,9,16,7,19,17,23,18,20,29,51,44,59,52,52,54,40,59,148,30,43,66,34,38,46,56,46,53,46,58,54
Blekinge,ethanol/ethanol flexifuel,13,16,30,35,35,39,19,42,31,19,26,37,25,20,51,31,75,48,38,55,40,57,50,77,57,38,77,75,72,96,64,55,76,99,80,61,36,37,79,52,67,112,46,45,60,69,48,47,54,66,102,39,79,62,38,52,47,53,85,48,20,17,28,27,25,25,29,43,16,20,33,34,19,22,22,12,32,20,10,20,8,17,14,16,4,3,7,12,10,5,7,39,32,31,12,5,13,12,33,50,9,15,3,12,29,15,35,14,11,6,13,20,4,14,3,11,12,10,18,14,10,5,8,4,1,1,0,12,12,3,5,22,9,9,12,11,6,3,0,0,5,1,7,0,0,0,0,0,0,2,0,1,0,1,0,0,0,0,0,0,0,0,1,12,5,2,5,27,0,0,0,0,0,0,0,0,0,0,0,0,0,0,0,0,2,2,2,4,1,1,4,2,2,5,1
Blekinge,gas/gas flex,1,0,0,0,0,0,1,1,0,4,0,0,0,0,0,0,0,1,0,1,0,1,1,0,0,0,0,0,0,0,0,1,3,0,0,0,1,0,0,2,2,2,3,2,8,5,6,10,2,4,4,2,1,5,2,16,9,3,2,2,1,1,3,1,1,2,1,4,2,2,0,4,1,1,3,0,1,0,7,2,3,7,1,5,8,4,4,5,0,3,1,2,3,7,7,0,3,3,2,1,0,0,2,8,1,3,8,0,2,1,1,1,0,2,0,1,1,1,0,4,0,0,6,2,6,2,0,5,8,1,5,11,8,2,0,1,0,1,0,38,21,6,63,3,10,1,1,11,1,6,7,10,7,5,6,5,3,0,7,37,9,11,1,37,13,4,5,16,44,18,14,7,20,0,2,26,17,28,23,1,0,1,3,6,18,3,0,3,0,0,1,2,12,24,0
Blekinge,other fuels,0,0,0,0,0,0,0,0,0,0,0,0,0,0,0,0,0,0,0,0,0,0,0,0,0,0,0,0,0,0,0,0,0,0,0,0,0,0,0,0,0,0,0,0,0,0,0,0,0,0,0,0,0,0,0,0,0,0,0,0,0,0,0,0,0,0,0,0,0,0,0,0,0,0,0,1,0,0,0,0,0,0,0,0,0,0,0,0,0,0,0,0,0,0,0,0,0,0,0,0,0,0,0,0,0,0,0,0,0,0,0,0,0,1,0,0,0,0,0,0,0,0,0,0,0,0,0,1,0,0,0,0,0,0,0,1,0,0,0,1,0,0,0,0,0,0,0,0,0,0,0,0,0,1,0,0,0,0,0,0,1,0,0,0,0,0,0,0,0,0,0,0,0,0,0,0,0,0,0,0,0,1,0,0,1,0,0,0,0,0,0,0,0,0,0
Skåne,petrol,2108,2258,3045,3175,3493,3595,2537,2646,3003,2904,2952,2534,2387,2276,3338,3114,3166,2728,2416,2402,2323,2742,2055,1615,1696,1738,1898,2262,2136,1853,1554,1334,1516,1414,1058,977,850,1283,1617,1393,1276,1401,1276,1109,1217,1338,1290,1153,960,1017,1824,1700,1679,1766,1320,1442,1602,1475,1494,1236,1134,1211,1895,1651,1839,1652,1213,1332,1470,1276,1228,1244,831,918,1457,1234,1318,1359,1045,1087,1029,1140,1240,1163,862,943,1293,1401,1424,1263,1276,1456,1469,1588,1448,1314,978,1162,1657,1512,1615,1415,1388,1426,1649,1512,1500,1388,1110,1378,1849,1920,1823,1717,1601,1562,1784,1644,1695,1770,1176,1622,2198,1824,2093,2245,1574,1858,2001,1999,1904,2197,1241,1505,2419,1933,2206,2109,1618,1790,1836,1875,2101,1748,1537,1755,2444,2426,2746,4267,1015,1813,1271,1750,1768,1727,1353,1522,2069,2204,2458,2592,2019,2282,1930,2238,2136,4451,1225,1649,1881,1592,1404,1804,1673,1600,1654,1536,1514,1329,1514,1524,2719,1488,1483,1569,1187,1022,952,1078,966,922,790,852,1105
Skåne,diesel,399,388,606,526,609,604,484,509,630,693,758,783,851,780,991,955,1110,996,906,1125,1095,1369,1583,2076,695,1048,1155,1317,1248,1026,916,844,974,976,801,810,593,769,911,940,771,1048,861,794,957,1162,978,1034,846,1140,1480,1565,1402,1713,1336,1419,1716,1809,1823,1893,1509,1656,2154,2031,2495,2214,1652,1849,1941,1897,2093,2077,1608,1760,2210,1891,2126,1948,1718,1649,1912,2033,2006,1991,1402,1467,1794,1975,1775,1694,1449,1728,1863,1893,1842,2149,1437,1798,2044,2111,2090,2274,1707,1639,1792,2125,1950,1971,1605,1889,2377,2286,2074,2264,1869,1834,1902,2151,2120,2215,1504,1911,2251,2178,2357,2388,1707,1842,1966,2128,1984,2503,1618,1729,2508,2037,2341,2648,1786,2075,2168,1870,1885,2023,1464,1722,2131,1911,1770,3482,526,1230,902,1191,1268,1015,1141,1325,1369,1574,1639,1599,1162,1408,1002,1316,1332,2225,857,1085,1287,861,759,1111,989,841,892,1005,940,898,968,914,1393,927,784,844,565,434,388,460,554,493,526,523,679
Skåne,electricity,0,0,0,0,0,0,0,0,0,0,0,0,0,0,0,0,0,0,0,0,0,0,0,0,0,0,0,0,0,0,0,0,0,0,0,0,0,0,0,0,0,1,1,0,0,1,0,0,0,0,0,1,0,0,0,0,0,3,0,0,0,5,7,1,8,1,0,1,0,0,3,0,2,2,2,2,3,0,0,0,3,2,2,0,3,6,1,1,1,5,1,2,1,4,6,8,5,4,13,5,8,14,32,72,8,11,11,14,7,7,36,34,33,27,32,32,24,17,23,53,18,11,75,42,21,31,12,22,67,29,49,104,35,35,87,65,66,64,34,44,59,59,28,29,22,34,105,48,33,36,74,72,167,268,162,181,155,129,302,199,168,262,170,126,263,124,141,222,170,197,489,149,99,240,183,263,471,282,486,993,149,237,347,718,564,1163,426,710,1066,830,885,1360,784,717,1157
Skåne,electric hybrid,12,17,15,30,21,27,41,22,33,16,31,34,28,33,38,24,58,36,29,34,23,22,28,29,39,31,30,64,47,34,31,42,51,36,23,32,10,14,18,24,23,49,20,30,59,56,39,37,30,39,59,51,36,21,15,27,43,42,28,32,24,29,57,32,30,23,19,31,21,21,30,12,16,22,25,6,12,34,46,35,55,51,47,34,36,35,57,41,58,39,33,92,65,89,79,52,76,60,72,62,42,60,62,69,70,80,75,77,56,52,113,51,80,84,63,70,81,76,78,115,80,108,135,121,108,114,87,126,145,104,102,139,84,124,187,120,165,151,145,161,155,133,182,166,145,136,177,181,185,270,108,169,148,207,199,127,147,175,294,232,307,354,330,368,334,409,391,645,139,190,242,166,126,115,160,310,374,330,303,284,187,214,415,214,236,349,292,261,203,186,147,220,205,251,352
Skåne,plug-in hybrid,0,0,0,0,0,0,0,0,0,0,0,0,0,0,0,0,0,0,0,0,0,0,0,0,0,0,0,0,0,0,0,0,0,0,0,0,0,0,0,0,0,0,0,0,0,0,0,0,0,0,0,0,0,0,0,0,0,0,0,0,0,0,0,0,0,0,0,0,0,0,0,0,0,0,0,2,1,2,9,21,13,14,11,6,10,26,7,4,5,4,6,4,3,3,11,19,8,20,23,25,27,51,21,20,15,40,20,11,41,19,38,42,39,30,36,25,27,46,38,95,12,61,116,103,130,122,131,106,109,129,111,77,149,91,104,103,145,128,133,195,174,174,187,192,180,143,180,179,170,225,158,213,205,237,170,193,164,205,234,219,211,200,179,202,224,405,397,500,497,538,594,469,325,613,789,803,766,946,854,1511,748,821,1724,611,728,1063,442,510,514,730,749,1029,689,711,883
Skåne,ethanol/ethanol flexifuel,99,106,240,199,184,230,195,207,195,180,252,200,197,189,207,263,351,288,330,262,260,414,450,488,437,482,436,510,566,555,442,356,642,569,479,408,308,331,438,428,437,547,203,318,374,404,376,293,223,292,327,375,266,369,227,335,321,346,335,353,58,71,170,167,209,189,100,174,172,155,166,94,93,81,103,67,40,38,28,30,16,34,23,28,15,12,12,13,10,9,28,39,13,14,26,12,10,5,11,9,6,2,5,2,20,11,19,4,1,0,5,2,1,0,1,4,0,1,0,2,1,1,1,0,1,1,0,1,9,1,1,1,2,1,5,0,1,1,2,0,0,1,1,1,1,7,3,4,0,0,0,0,1,1,1,6,2,0,2,1,0,2,1,41,24,32,10,81,0,0,3,0,0,0,0,0,1,1,0,0,1,0,1,9,8,15,10,3,20,18,12,9,16,19,21
Skåne,gas/gas flex,23,10,20,40,50,45,25,17,12,24,30,22,20,14,25,20,30,31,26,17,15,10,14,8,13,11,9,13,19,7,10,15,25,19,8,24,18,30,48,93,105,101,224,117,165,119,96,120,112,122,99,124,122,89,127,80,90,94,78,54,49,60,91,89,121,58,48,93,193,112,110,87,104,55,98,71,68,60,65,64,75,81,70,77,68,64,91,81,83,52,40,64,62,42,47,75,66,73,49,70,79,71,59,91,89,90,80,81,49,46,96,84,85,36,43,62,53,82,83,55,59,41,91,85,57,68,27,53,78,55,43,96,123,41,32,37,17,29,25,40,76,67,95,50,58,29,58,56,46,39,57,94,58,19,23,27,29,21,16,33,73,107,50,104,99,55,28,30,179,48,42,33,11,12,14,80,82,63,42,40,30,17,21,23,28,27,11,27,36,36,15,21,13,12,18
Skåne,other fuels,1,0,1,0,0,0,1,0,0,2,0,0,0,0,0,0,0,0,0,0,0,0,0,0,0,0,0,0,1,0,0,0,0,0,0,1,0,0,0,0,0,0,0,0,0,0,0,1,0,0,0,0,0,0,0,1,0,0,0,0,1,0,0,0,0,0,0,1,1,1,2,1,1,0,0,2,0,0,0,0,1,1,0,1,1,0,1,1,0,1,0,1,0,0,3,1,0,0,1,1,1,0,3,0,1,1,0,1,0,1,1,2,2,0,0,0,1,1,0,0,0,0,1,0,1,0,1,0,0,1,1,0,2,0,1,1,0,2,0,0,2,0,1,1,1,0,0,1,0,2,0,0,1,1,0,1,0,0,1,3,0,2,1,0,2,0,0,1,1,1,2,1,0,1,2,0,0,0,0,0,1,0,0,0,0,2,6,0,0,0,0,0,0,0,1
Halland,petrol,447,501,639,791,777,758,581,621,611,636,558,516,475,460,651,635,737,642,502,527,533,535,420,314,307,334,390,438,356,339,305,259,345,280,197,226,148,240,255,249,264,361,222,216,280,303,312,257,202,216,378,379,376,430,297,368,380,350,311,312,254,267,452,368,417,399,267,348,368,337,378,341,213,226,389,316,383,349,303,276,240,261,328,322,202,236,377,363,343,343,420,344,406,422,316,354,298,340,415,500,431,468,396,345,474,442,397,399,300,343,520,452,406,412,427,436,435,453,409,416,367,458,611,526,624,624,422,463,543,467,467,553,330,434,569,396,527,563,490,421,513,546,585,608,424,513,654,701,683,1225,302,444,337,544,467,463,456,431,563,604,556,620,591,615,551,603,656,849,270,371,436,332,274,417,389,450,411,436,355,354,346,338,688,280,352,417,267,277,250,249,259,247,210,215,277
Halland,diesel,108,126,159,151,151,178,146,146,146,177,205,220,199,190,274,239,304,302,275,224,274,396,405,485,146,302,289,384,358,285,232,205,243,226,166,199,153,190,245,225,195,291,236,232,269,303,244,276,274,319,464,373,407,480,372,354,393,483,448,563,429,530,645,587,656,528,443,464,596,578,553,524,425,494,612,520,589,490,429,395,464,533,444,622,287,380,488,515,482,464,337,380,371,437,450,544,323,448,453,484,529,552,460,427,478,477,468,420,340,452,519,570,527,582,418,459,473,554,566,533,355,396,545,489,504,556,357,425,393,444,436,555,330,382,496,410,510,497,330,370,357,381,371,342,254,293,383,384,395,710,88,173,148,224,253,179,219,205,229,248,224,216,160,179,151,215,232,417,95,114,138,105,93,168,144,127,144,136,135,155,113,116,219,88,127,161,90,76,75,66,78,100,87,77,106
Halland,electricity,0,0,0,0,0,0,0,0,0,0,0,0,0,0,0,0,0,0,0,0,0,0,0,0,0,0,0,0,0,0,0,0,0,0,0,0,0,0,0,0,0,0,0,0,0,0,0,0,0,0,0,0,0,0,0,0,0,0,0,0,0,1,0,0,0,0,0,0,0,1,0,0,0,0,0,0,0,0,0,0,0,0,0,1,0,0,0,0,0,1,0,1,0,0,0,6,2,3,0,1,1,4,4,9,4,3,7,3,2,7,21,32,11,8,7,20,8,15,8,10,10,7,19,8,7,8,2,11,10,7,5,13,20,11,37,20,25,18,8,27,23,7,13,11,11,32,75,24,17,11,29,37,40,38,52,59,35,33,68,62,42,53,36,34,52,26,45,50,53,46,98,47,20,52,37,78,135,80,126,257,44,42,79,163,122,243,133,225,308,163,191,373,194,226,343
Halland,electric hybrid,1,2,2,4,6,1,7,5,6,3,6,5,8,1,8,4,10,2,6,1,2,2,5,1,3,2,5,7,4,6,4,5,6,3,3,3,1,0,1,1,1,4,1,8,18,10,10,10,12,3,12,6,2,4,4,10,10,6,8,4,2,4,8,7,4,6,3,2,9,5,2,1,5,1,2,3,3,4,12,8,4,9,7,10,5,7,7,11,11,3,11,13,10,25,6,10,17,17,10,19,23,21,14,16,11,20,16,15,17,21,29,13,14,27,25,16,20,26,22,32,25,32,36,33,26,24,21,26,33,26,28,42,26,45,53,31,44,38,44,47,36,60,34,45,38,45,49,65,66,86,31,34,38,45,37,38,44,33,51,48,66,70,63,93,93,71,112,173,26,35,55,32,34,25,42,63,71,74,69,69,48,51,91,45,49,81,45,47,45,38,39,45,48,49,89
Halland,plug-in hybrid,0,0,0,0,0,0,0,0,0,0,0,0,0,0,0,0,0,0,0,0,0,0,0,0,0,0,0,0,0,0,0,0,0,0,0,0,0,0,0,0,0,0,0,0,0,0,0,0,0,0,0,0,0,0,0,0,0,0,0,0,0,0,0,0,0,0,0,0,0,0,0,0,0,0,0,4,1,3,4,2,3,2,0,0,6,2,3,0,3,1,3,0,2,3,1,0,2,2,5,6,5,10,0,2,2,5,3,3,1,4,6,9,5,11,4,2,5,6,9,13,1,7,12,20,19,13,12,12,12,24,16,15,12,6,12,11,16,23,18,24,20,37,26,43,26,32,39,32,24,35,36,38,29,25,23,25,30,23,29,30,33,25,28,39,32,50,47,58,80,48,74,59,46,76,103,103,127,149,153,184,135,140,374,100,118,138,78,90,101,140,120,171,127,142,162
Halland,ethanol/ethanol flexifuel,34,25,62,40,52,54,43,36,54,42,46,65,56,42,53,62,96,70,93,51,78,124,141,114,96,103,105,129,117,92,110,74,135,128,73,86,48,81,102,108,130,126,30,72,79,69,82,79,71,57,84,57,64,91,73,60,60,63,57,94,14,30,26,31,60,52,17,27,21,34,26,12,10,31,27,14,13,7,4,4,8,1,3,8,7,2,2,1,9,2,22,6,8,8,8,5,1,13,8,4,3,4,8,12,13,5,7,1,3,2,12,11,2,4,12,1,2,5,3,5,0,5,7,9,9,11,3,5,6,0,13,4,8,7,0,6,9,11,3,13,18,10,9,6,0,1,0,13,8,16,0,17,1,0,0,4,0,0,0,0,0,0,1,27,15,0,30,29,0,0,0,0,0,0,0,0,0,0,0,0,0,0,0,2,8,4,1,2,1,3,2,10,5,10,6
Halland,gas/gas flex,2,3,5,6,8,12,5,16,8,6,9,6,5,7,5,2,4,1,5,3,3,0,3,0,0,3,1,2,5,1,1,3,2,5,4,3,5,3,5,17,20,16,9,19,13,15,16,14,8,18,18,18,9,14,22,16,27,11,9,10,7,6,9,10,18,6,9,13,20,12,15,12,11,11,13,20,6,7,4,7,11,11,6,6,3,11,6,7,6,4,1,16,11,6,16,11,2,2,5,12,6,4,22,15,20,3,5,6,7,13,3,14,11,7,7,12,11,9,10,10,8,13,4,8,14,19,3,27,21,2,1,3,6,6,6,0,2,3,4,7,14,2,8,19,3,1,8,9,7,4,2,2,0,1,1,3,1,2,3,1,7,28,6,32,22,10,9,9,2,11,10,0,4,3,1,12,17,6,8,0,4,4,27,7,1,9,0,3,3,3,0,1,3,0,11
Halland,other fuels,0,0,0,0,0,0,0,0,0,0,0,0,0,0,0,0,0,0,0,1,0,0,0,0,0,0,0,0,0,0,0,0,0,0,0,0,0,1,0,0,0,0,0,0,0,0,0,0,0,0,1,0,0,0,0,0,0,0,0,0,0,0,1,0,0,0,0,0,0,0,0,1,0,0,0,0,2,0,0,0,0,0,0,1,0,0,0,1,0,0,0,0,0,0,0,0,0,0,0,0,0,0,0,0,0,0,0,0,0,0,0,0,0,0,0,0,1,0,0,0,0,0,0,0,0,0,0,0,0,0,0,0,0,0,0,0,0,0,0,0,0,0,0,0,0,0,0,0,0,0,0,0,0,0,0,0,0,0,0,0,0,0,0,0,0,0,0,0,0,0,0,0,0,0,0,0,0,0,0,0,0,0,0,0,0,0,0,1,0,0,0,1,0,0,0
Västra Götaland,petrol,2558,2929,4026,4408,4743,4391,2864,3267,3601,3459,3139,3286,2572,2703,4046,3980,4156,3482,2375,2890,2650,3065,2842,2049,1938,1875,2356,2629,2563,2123,1636,1637,2029,1667,1330,1291,978,1149,1432,1542,1483,1905,989,1139,1517,1656,1480,1395,1103,1179,1963,1961,2169,2493,1642,1870,2057,1763,1695,1939,1259,1424,2372,2212,2127,1897,1417,1751,1722,1678,1726,1590,1020,1208,1737,1526,1816,1682,1150,1358,1256,1411,1525,1712,1080,1250,1493,1690,1828,1724,1377,1701,1855,1962,1987,1780,1327,1497,2157,2063,2090,2121,1507,1868,2155,2222,1886,2007,1378,1666,2578,2102,2115,2474,2048,2111,2370,2674,2272,2308,1740,2236,3100,2620,2922,2774,2150,2575,2646,2782,2651,3248,1785,2144,3244,2570,3027,3105,2158,2552,2504,2607,2879,3724,2025,2371,3615,3222,4025,7050,1315,2472,1935,2247,2667,2154,1679,2035,2641,2693,2580,2926,2197,2854,2420,2581,2668,4819,1342,1641,2163,1539,1364,2108,1753,1955,1976,1981,1732,1656,1596,1761,3082,1495,1582,1854,1195,1203,1353,1342,1138,1222,987,1034,1310
Västra Götaland,diesel,590,571,834,875,980,958,781,825,1065,1140,1280,1308,1219,1086,1625,1602,1864,1633,1283,1494,1730,2009,2312,2928,910,1398,1509,2118,1937,1910,1228,1261,1562,1416,1072,1211,886,1058,1421,1315,1296,1697,1173,1193,1692,1873,1638,1805,1369,1760,2753,2618,2841,2951,2043,2230,2716,2904,2930,3848,2269,2443,3412,3500,3627,3426,2379,2858,3314,3050,3199,3205,2313,2575,3688,2973,3391,3341,2183,2676,2751,2780,3017,3320,1721,1924,2550,2692,2562,2772,1942,2142,2230,2542,2387,2924,2051,2402,3217,2878,2869,2977,2074,2573,2809,2848,2611,3104,2018,2627,3134,3127,3253,3275,2409,2664,2854,3215,3218,3351,1917,2464,3290,3254,3279,3651,2095,2205,2818,2688,2932,3314,1872,2377,3111,2784,3096,3349,1954,2341,2525,2522,2383,2938,1407,1975,2321,1966,2466,5356,389,1094,841,1064,1384,1149,968,1091,1307,2106,1236,1185,892,961,890,1103,1177,1904,442,625,854,625,551,910,722,756,704,597,572,820,543,579,1575,439,511,742,452,374,399,391,433,463,337,418,585
Västra Götaland,electricity,0,0,0,0,0,0,0,0,0,0,0,0,0,0,0,0,0,0,0,0,0,0,0,0,0,0,0,0,0,0,0,0,0,0,0,0,0,0,5,0,0,1,0,0,0,0,1,0,1,0,0,0,0,1,0,1,0,0,0,0,0,5,4,10,18,4,0,0,1,4,6,0,0,3,10,5,0,4,5,5,13,5,9,9,19,9,18,7,4,12,0,3,21,49,12,27,9,15,34,8,12,18,22,23,14,11,10,14,26,22,80,28,47,53,49,49,52,29,32,64,17,28,65,62,40,38,20,29,64,36,38,69,45,43,106,70,69,92,29,77,78,59,61,69,29,55,133,59,46,63,116,99,111,108,245,179,175,158,352,243,242,309,206,151,271,143,224,299,234,230,488,187,125,421,266,415,673,440,508,995,221,231,412,813,684,2381,453,968,1411,723,968,1721,898,958,1525
Västra Götaland,electric hybrid,36,12,26,27,55,60,41,76,38,30,43,46,41,42,46,60,43,57,34,50,40,35,37,47,39,49,60,69,44,57,45,38,40,30,25,49,23,17,18,33,17,64,21,56,77,56,49,49,40,33,93,50,42,39,21,35,63,61,69,63,29,45,61,49,51,30,16,39,40,41,53,27,20,26,29,22,35,81,63,40,44,87,60,56,63,63,63,54,89,73,68,77,100,81,86,52,69,85,144,98,115,131,51,161,103,131,134,177,148,95,196,128,136,190,159,95,170,172,138,198,182,202,281,218,198,221,179,225,320,225,207,282,234,401,761,255,301,383,269,435,302,357,370,629,331,257,787,474,641,644,204,393,354,379,448,292,307,232,454,533,575,507,412,586,530,753,678,1084,251,342,379,261,236,233,282,470,590,500,510,406,314,315,654,383,374,497,298,350,349,273,302,364,355,328,562
Västra Götaland,plug-in hybrid,0,0,0,0,0,0,0,0,0,0,0,0,0,0,0,0,0,0,0,0,0,0,0,0,0,0,0,0,0,0,0,0,0,0,0,0,0,0,0,0,0,0,0,0,0,0,0,0,0,0,0,0,0,0,0,0,0,0,0,0,0,0,0,0,0,0,0,0,0,0,0,0,0,0,0,4,3,5,10,24,24,13,8,18,37,52,36,10,4,14,14,11,10,8,12,11,9,16,27,51,38,50,14,26,41,50,18,45,32,39,79,45,98,100,45,55,85,91,112,414,21,64,115,130,134,180,88,99,139,104,117,112,106,125,114,112,179,201,149,190,249,261,286,230,192,199,272,287,261,252,193,236,221,177,209,188,165,203,234,176,147,212,173,225,259,264,300,288,462,428,409,351,282,529,562,749,707,775,780,1258,748,781,1658,516,729,1065,482,639,912,963,966,925,827,826,1144
Västra Götaland,ethanol/ethanol flexifuel,220,260,705,297,367,541,302,418,434,350,489,511,360,435,560,586,897,802,496,486,542,916,1009,1009,939,740,809,878,1080,1426,567,616,1091,1207,799,498,466,560,756,784,931,1107,377,602,480,521,577,437,478,396,591,714,781,687,456,437,726,609,709,783,179,189,255,281,232,186,119,244,180,116,234,155,113,99,100,104,104,93,56,71,51,95,41,59,17,32,15,11,22,39,32,44,53,84,71,41,16,39,34,52,33,32,10,40,46,29,27,32,17,3,11,27,29,14,13,15,22,23,16,17,5,8,7,4,13,13,2,9,10,6,7,14,12,12,10,12,13,6,2,12,8,9,10,8,7,2,10,4,2,10,1,6,8,4,0,1,9,0,0,1,0,1,0,20,49,21,68,51,2,1,1,0,1,0,3,1,0,0,0,0,0,2,1,6,14,25,22,12,22,25,10,21,9,31,36
Västra Götaland,gas/gas flex,44,82,78,96,126,91,39,49,64,67,79,108,69,55,52,39,44,97,36,45,58,35,23,21,22,21,16,28,25,21,9,18,38,36,53,44,29,33,62,114,126,109,70,117,141,95,130,140,112,137,129,125,111,130,95,72,130,97,76,54,59,74,164,112,159,84,82,153,153,159,143,109,119,110,134,113,95,108,71,114,96,88,70,58,57,100,68,62,113,79,29,69,63,74,43,63,57,70,92,47,59,83,72,124,96,98,80,75,77,85,96,97,93,68,69,93,99,67,42,72,55,49,49,85,79,87,24,55,74,58,78,88,64,44,46,41,42,29,43,126,129,109,77,85,57,54,72,62,87,121,59,58,24,20,21,23,16,13,32,51,66,109,52,183,149,99,72,49,40,46,38,25,18,24,7,122,106,76,24,15,26,10,10,29,20,29,12,28,14,11,16,10,24,14,14
Västra Götaland,other fuels,0,0,0,0,0,0,0,0,1,0,0,0,0,0,0,0,1,0,0,0,0,1,0,0,0,0,0,0,0,0,1,0,0,1,0,0,0,0,0,0,0,0,0,0,0,0,0,0,0,0,0,0,1,0,0,0,0,0,0,1,1,0,0,0,0,1,0,2,0,1,0,1,0,0,2,1,0,0,0,0,0,1,0,1,0,1,0,0,1,0,1,0,0,1,1,2,1,1,0,1,0,0,1,1,1,0,0,0,0,0,0,0,0,0,0,0,1,2,0,0,1,0,0,2,2,1,0,0,0,0,0,1,1,2,2,1,1,0,0,1,0,0,1,1,0,0,1,0,0,0,0,0,0,0,0,0,1,0,0,0,1,0,0,0,1,0,0,3,0,0,1,0,0,1,0,0,1,1,0,0,0,0,0,0,0,0,0,2,1,0,1,0,0,0,0
Värmland,petrol,392,343,486,565,623,606,464,499,554,480,445,384,317,313,462,468,476,458,349,411,388,371,329,245,205,237,252,337,318,265,228,229,270,222,166,145,105,143,145,181,214,249,201,137,226,209,263,147,145,138,229,289,236,259,202,236,210,234,209,213,153,162,207,252,271,240,168,226,178,179,204,235,117,130,203,171,231,238,177,197,174,182,214,187,117,136,167,207,253,213,198,246,257,221,189,216,147,163,264,264,260,280,194,206,229,249,238,226,171,181,249,287,281,310,235,239,294,241,266,247,158,226,329,401,370,344,267,306,343,313,308,398,188,215,407,297,398,398,306,300,327,318,382,414,233,283,488,475,507,706,164,355,226,386,311,302,203,272,411,347,369,361,288,341,365,354,328,464,189,204,267,243,211,326,232,303,292,256,205,182,209,253,384,223,200,239,177,198,159,155,173,147,174,279,220
Värmland,diesel,114,108,137,160,168,173,173,124,184,223,219,201,230,203,278,307,291,277,254,318,304,360,366,568,160,242,234,282,352,251,195,179,248,265,183,190,92,159,128,156,184,310,158,178,294,333,286,252,219,252,325,340,300,408,325,358,424,457,448,546,358,360,451,505,514,437,326,381,449,475,471,440,344,385,478,430,454,368,270,380,427,423,485,499,304,253,313,377,334,353,269,370,415,352,360,470,288,311,403,449,388,433,334,378,355,462,347,387,278,350,414,455,454,471,340,343,465,458,485,426,321,416,409,441,433,458,325,413,424,399,428,464,303,353,482,375,410,390,304,310,322,376,310,288,231,339,259,374,397,674,73,200,119,164,233,201,207,249,260,279,259,225,220,179,181,244,218,334,112,171,187,164,124,139,179,141,187,148,156,259,120,137,291,97,108,148,87,90,93,71,96,139,102,137,215
Värmland,electricity,0,0,0,0,0,0,0,0,0,0,0,0,0,0,0,0,0,0,0,0,0,0,0,0,0,0,0,0,0,0,0,0,0,0,0,0,0,0,0,0,0,0,0,0,0,0,0,0,0,0,0,0,0,0,0,0,0,0,0,0,0,0,0,0,0,0,0,0,0,1,0,0,0,0,0,0,0,0,0,0,0,3,0,0,0,0,0,0,0,0,0,0,0,1,1,0,2,3,1,1,2,3,3,1,0,4,1,2,2,2,3,0,15,7,5,5,2,0,0,6,2,9,5,8,0,2,0,3,3,3,0,7,6,4,11,7,4,14,6,3,17,7,4,1,3,22,28,10,25,74,8,14,2,16,32,29,50,26,38,48,20,35,8,7,18,26,52,13,35,28,61,33,32,33,20,25,63,45,72,143,18,21,31,114,73,110,48,89,134,94,83,174,84,90,185
Värmland,electric hybrid,1,1,0,3,2,1,1,8,2,1,2,1,3,4,2,2,3,1,1,1,2,3,2,4,2,0,2,4,3,4,8,6,4,4,1,3,7,5,0,6,3,6,2,4,8,8,3,5,1,2,2,4,6,2,4,7,8,8,5,4,7,5,7,8,7,1,2,4,4,0,6,4,1,2,2,1,2,2,10,1,5,3,9,7,9,3,3,6,8,9,5,9,6,6,6,7,7,12,10,15,9,14,7,9,8,22,17,18,15,13,24,10,19,24,9,13,16,14,16,26,17,23,48,14,34,26,20,20,44,22,27,40,26,38,53,38,38,72,31,38,39,41,50,40,45,30,31,53,42,54,25,57,87,50,37,42,48,32,38,51,93,60,63,109,100,81,118,175,35,34,49,39,24,41,51,73,95,75,82,70,42,39,82,53,60,68,39,57,55,60,42,69,54,72,85
Värmland,plug-in hybrid,0,0,0,0,0,0,0,0,0,0,0,0,0,0,0,0,0,0,0,0,0,0,0,0,0,0,0,0,0,0,0,0,0,0,0,0,0,0,0,0,0,0,0,0,0,0,0,0,0,0,0,0,0,0,0,0,0,0,0,0,0,0,0,0,0,0,0,0,0,0,0,0,0,0,0,0,0,0,3,0,1,1,0,0,1,4,1,2,2,1,2,0,0,2,7,0,1,3,0,11,9,3,3,4,1,2,4,7,1,1,0,3,5,6,7,6,2,5,11,23,2,8,18,14,12,13,11,19,28,13,12,12,11,7,11,12,19,18,12,25,42,39,64,38,21,24,26,29,22,23,15,25,11,16,23,14,26,18,19,21,24,22,14,26,29,33,29,30,51,41,40,42,34,75,60,108,79,106,138,170,97,114,215,54,79,110,59,113,92,90,103,90,107,101,128
Värmland,ethanol/ethanol flexifuel,24,20,37,25,57,33,36,51,44,36,38,95,31,34,37,57,63,45,34,38,47,71,77,61,90,75,102,143,138,97,89,145,203,145,97,79,56,46,73,86,97,117,25,54,87,65,53,63,53,60,60,64,53,97,43,85,69,59,77,128,24,13,33,45,62,53,26,91,42,24,83,38,14,21,19,23,18,21,17,9,28,20,15,11,4,9,2,2,4,1,3,6,14,13,1,1,5,3,5,5,16,10,3,3,4,1,9,4,0,1,17,42,10,19,10,2,15,11,10,0,0,1,1,1,9,1,0,0,0,2,0,1,0,0,0,0,0,0,0,2,0,0,1,1,0,0,0,0,0,0,1,0,0,0,0,0,0,0,0,0,1,0,0,3,3,2,3,3,0,0,0,0,0,0,0,0,0,1,0,0,0,0,1,2,5,7,9,6,10,8,4,3,1,8,5
Värmland,gas/gas flex,0,0,0,0,0,1,0,2,0,0,0,1,0,0,0,0,0,0,0,0,0,0,0,0,0,0,0,0,1,0,2,1,0,0,0,0,0,1,0,1,6,5,11,8,9,12,24,25,9,8,10,5,6,4,4,7,5,5,4,3,2,2,5,4,2,3,1,4,3,6,4,7,1,3,6,2,2,3,3,5,8,6,8,1,1,1,5,1,3,2,2,3,1,3,0,2,3,2,4,4,4,2,4,3,8,8,5,4,9,1,4,18,19,11,4,9,9,30,17,5,2,7,3,4,4,4,1,6,7,3,10,3,7,1,8,3,2,4,1,23,27,6,4,7,4,2,7,18,4,1,0,12,2,4,0,2,8,0,0,2,9,1,0,19,21,23,8,0,14,11,7,1,2,1,0,3,6,1,0,2,1,5,4,3,4,2,0,1,0,0,0,1,1,1,0
Värmland,other fuels,0,0,0,0,0,0,0,0,0,0,0,0,0,0,0,0,0,0,0,0,0,0,0,0,0,0,0,0,0,0,0,0,0,0,0,0,0,0,0,1,1,0,0,0,1,0,0,1,1,0,0,0,0,1,0,0,0,0,0,1,0,0,0,0,0,0,0,0,0,0,0,0,1,0,0,1,0,0,0,0,1,0,2,0,0,0,0,1,0,1,0,0,0,0,2,0,0,0,0,0,0,0,0,0,0,0,0,0,0,0,1,0,0,0,0,0,0,0,1,0,0,0,0,0,0,1,0,0,0,0,0,0,0,0,0,0,0,0,1,0,0,0,0,0,0,0,0,0,0,0,0,0,0,0,0,0,0,0,0,1,0,1,0,1,0,0,1,0,0,0,0,0,0,0,0,0,0,0,0,0,0,0,0,0,0,0,0,1,0,0,0,0,0,0,0
Örebro,petrol,373,390,568,605,642,711,430,518,575,500,513,416,356,340,547,504,505,482,346,396,394,401,336,228,254,265,248,383,359,288,263,200,249,219,166,142,101,138,185,207,210,248,154,154,234,225,204,178,130,135,248,293,286,297,234,242,209,203,208,210,157,181,261,273,301,226,200,231,276,223,197,167,137,143,236,268,283,310,197,199,178,186,205,197,176,189,262,242,333,264,229,230,214,293,248,199,152,241,330,284,281,327,268,209,267,267,277,248,192,239,298,294,277,345,259,278,318,320,285,317,223,264,362,362,356,378,288,355,367,352,341,337,185,214,410,359,389,393,241,272,314,367,341,339,230,273,398,412,452,823,150,313,240,294,278,217,179,243,302,293,328,296,289,384,328,292,327,513,124,192,272,201,157,233,242,217,217,234,173,213,148,207,431,126,204,217,164,156,157,150,129,122,135,156,156
Örebro,diesel,103,93,151,125,152,183,95,118,127,159,197,190,160,204,207,186,207,245,192,230,198,272,317,381,130,177,224,281,238,240,170,164,211,196,135,138,94,125,189,189,191,259,156,202,183,253,258,250,189,295,356,409,377,440,340,348,421,439,422,383,325,318,431,485,499,503,409,502,453,451,454,361,340,370,548,429,484,439,384,402,432,535,457,488,262,324,346,466,434,403,332,447,401,415,396,506,340,423,438,510,518,556,402,412,399,472,440,456,332,347,518,457,411,478,397,443,411,473,423,465,288,319,425,498,444,434,327,383,389,377,337,412,266,288,423,361,360,411,298,284,337,344,235,280,163,234,284,300,305,768,63,105,114,135,147,140,127,144,174,187,218,157,129,183,134,165,150,249,55,107,120,94,91,185,123,120,129,120,97,140,102,97,247,78,89,99,98,72,58,76,87,62,64,55,78
Örebro,electricity,1,0,0,0,0,0,0,0,0,0,0,0,0,0,0,0,0,0,0,0,0,0,0,0,0,0,0,0,0,0,0,0,0,0,0,0,0,0,0,0,0,0,0,0,0,0,0,0,0,0,0,0,0,0,0,0,0,0,0,0,1,1,0,0,1,0,0,0,0,0,1,0,0,1,0,0,0,0,0,0,0,1,1,0,0,0,1,0,0,0,0,0,2,0,1,0,2,0,5,0,1,0,0,1,1,2,0,1,1,1,4,4,4,5,5,3,4,6,7,9,1,6,1,3,4,4,2,4,2,1,7,1,2,10,8,5,6,7,4,12,16,4,2,5,3,7,20,6,9,3,5,9,14,5,24,29,13,7,35,27,16,22,23,14,27,9,10,21,30,26,50,15,8,24,20,43,71,30,32,73,18,12,42,90,64,128,51,110,144,107,98,217,113,141,192
Örebro,electric hybrid,2,4,4,4,11,13,5,6,5,1,5,5,13,5,4,7,2,4,4,15,7,5,6,7,11,13,2,10,13,6,2,2,7,5,5,1,6,1,7,2,1,4,3,9,8,20,13,6,9,4,6,8,6,8,5,3,5,11,9,9,5,6,11,13,12,3,7,10,7,10,8,10,1,8,9,5,6,8,9,8,8,11,9,15,14,7,8,5,7,8,11,12,15,14,8,8,16,14,18,17,20,18,13,7,22,16,29,27,15,13,25,16,21,18,8,12,22,24,23,33,26,30,50,28,27,31,22,29,68,40,47,49,40,51,60,61,82,61,36,71,75,71,64,69,60,35,66,66,77,105,25,73,61,54,50,64,57,44,52,68,85,71,96,108,64,104,129,145,43,70,54,55,35,25,47,126,114,91,78,73,56,67,91,37,73,94,56,56,52,45,54,49,67,63,84
Örebro,plug-in hybrid,0,0,0,0,0,0,0,0,0,0,0,0,0,0,0,0,0,0,0,0,0,0,0,0,0,0,0,0,0,0,0,0,0,0,0,0,0,0,0,0,0,0,0,0,0,0,0,0,0,0,0,0,0,0,0,0,0,0,0,0,0,0,0,0,0,0,0,0,0,0,0,0,0,0,0,0,0,1,2,2,0,1,2,1,1,7,0,0,0,1,2,6,1,0,0,1,2,2,3,10,2,9,4,5,5,1,3,6,6,6,5,6,5,8,2,5,5,5,3,14,4,6,14,13,10,20,12,12,15,10,12,13,11,8,14,9,5,14,28,16,25,32,22,25,30,30,27,20,17,37,16,26,34,20,32,24,31,26,32,33,23,35,16,36,35,27,30,35,54,42,66,48,55,47,90,81,88,104,97,174,84,86,257,54,66,112,58,88,62,111,94,123,97,110,109
Örebro,ethanol/ethanol flexifuel,35,41,52,44,81,51,34,54,43,47,68,39,46,41,52,55,53,46,52,44,78,66,84,83,98,65,67,85,118,137,63,79,130,133,72,94,37,62,58,117,84,104,37,92,68,68,62,72,51,41,52,60,68,67,46,82,77,93,79,87,12,9,22,22,27,23,29,18,25,38,42,29,15,18,23,20,19,26,10,11,6,8,9,8,1,4,6,1,7,15,10,28,4,4,9,7,3,3,1,4,5,1,7,2,3,5,0,0,1,1,5,0,1,1,1,0,2,0,1,0,0,0,0,0,1,0,1,0,0,0,1,0,0,1,0,0,2,0,0,0,0,1,0,1,0,0,0,2,0,1,0,0,0,0,0,0,0,1,0,0,0,0,0,1,1,0,4,2,0,0,0,0,0,0,0,3,3,1,0,0,3,1,1,4,5,15,11,5,6,8,2,6,5,9,15
Örebro,gas/gas flex,1,1,3,9,10,5,8,0,3,18,16,20,1,3,5,6,4,7,4,1,0,1,4,12,0,4,0,0,2,0,0,0,2,4,0,11,9,5,1,18,20,24,23,33,14,11,7,11,20,14,11,15,13,7,16,14,10,15,13,16,9,2,8,9,8,7,4,7,25,11,7,2,6,4,7,6,9,8,5,8,4,4,4,9,5,2,1,9,11,5,6,2,12,9,9,14,19,3,5,11,12,10,7,12,20,22,15,19,1,5,6,1,8,2,12,13,21,5,5,7,5,8,19,11,11,4,7,2,18,10,13,22,13,7,12,4,5,5,3,21,14,22,4,12,4,3,8,6,8,6,3,18,4,1,4,1,4,1,2,7,5,12,5,59,8,20,7,15,4,2,2,6,3,2,1,9,3,14,7,2,1,1,0,1,1,1,0,3,5,0,0,4,2,1,0
Örebro,other fuels,0,0,0,0,0,0,0,0,0,0,0,0,0,0,0,0,0,0,0,0,0,0,0,0,0,0,0,0,0,0,0,0,0,0,0,0,0,0,0,0,0,0,0,0,0,0,0,0,0,0,0,0,1,0,1,0,0,0,0,0,0,0,0,0,0,0,0,0,0,0,0,0,0,0,0,1,0,0,0,0,0,0,0,0,0,0,0,0,1,0,0,0,0,0,0,0,0,0,0,0,0,0,0,0,1,1,0,0,0,0,0,0,0,0,0,0,0,0,0,0,0,0,0,0,0,0,0,0,0,0,0,0,0,1,0,1,0,0,0,0,0,0,0,1,0,0,0,0,0,0,0,0,0,0,0,0,0,0,0,0,0,0,0,0,0,0,0,0,0,0,0,0,0,0,0,0,0,0,0,0,0,0,0,0,0,0,0,0,0,0,0,0,0,0,0
Västmanland,petrol,277,313,477,494,573,551,336,416,408,489,433,375,284,293,458,382,405,380,303,386,329,365,314,222,171,237,244,299,257,182,218,233,194,216,172,114,72,122,147,167,167,215,141,121,172,194,182,187,123,133,236,236,248,213,165,178,188,228,239,157,137,164,242,234,256,238,171,246,255,197,181,170,116,122,175,195,197,226,135,196,154,170,201,244,130,134,235,230,268,262,220,249,248,252,236,192,164,160,286,329,276,314,233,250,247,298,257,245,158,225,252,245,262,305,234,264,298,284,313,271,169,254,271,312,322,331,269,280,344,332,345,366,161,220,366,276,356,321,237,308,307,320,377,319,252,265,415,375,442,823,158,308,233,315,332,286,203,289,361,284,344,383,277,312,293,303,344,474,132,217,283,204,161,241,197,217,244,219,186,187,156,186,393,152,197,221,154,131,141,122,149,141,149,131,142
Västmanland,diesel,86,78,107,95,88,120,82,103,90,151,174,150,132,138,177,203,213,200,145,165,169,222,261,369,74,126,229,239,187,135,130,107,138,160,157,139,75,92,113,141,128,182,128,150,187,233,164,212,134,190,274,243,211,338,236,217,289,318,321,317,239,269,346,391,443,423,298,381,469,418,378,374,261,323,423,367,429,400,258,340,362,411,391,462,245,270,350,394,417,388,310,290,377,416,399,461,266,314,413,434,397,399,324,332,414,474,412,337,223,299,337,360,335,361,306,358,420,362,426,399,259,329,464,413,432,422,265,358,419,348,323,393,252,290,361,334,391,384,253,290,322,332,301,290,191,261,281,272,282,714,48,184,104,126,138,154,141,146,197,236,185,192,118,159,137,117,146,208,67,86,136,83,79,113,84,97,88,100,82,146,79,75,208,52,79,139,54,58,63,63,74,71,54,54,61
Västmanland,electricity,0,0,0,0,0,0,0,0,0,0,0,0,0,0,0,0,0,0,0,0,0,0,0,0,0,0,0,0,0,0,0,0,0,0,0,0,0,0,0,0,0,0,0,0,0,0,0,0,0,0,0,0,0,0,0,0,0,0,0,0,0,2,0,1,0,0,0,0,0,0,0,0,0,0,1,0,0,0,1,0,0,0,0,0,0,0,0,0,0,1,0,0,1,0,2,0,0,0,2,0,2,1,0,2,1,1,0,0,1,1,4,4,5,8,1,4,4,2,0,4,0,1,11,7,2,3,2,4,9,1,4,10,3,2,13,8,7,7,3,7,6,1,3,0,1,2,6,4,1,1,5,4,8,16,18,9,13,17,31,29,35,45,31,11,34,16,15,33,42,33,30,15,16,26,15,38,62,34,49,132,24,25,52,93,67,123,50,93,138,80,91,201,107,122,171
Västmanland,electric hybrid,0,0,0,3,0,3,0,0,5,1,0,0,0,0,3,0,0,3,2,1,5,2,1,2,1,1,1,4,7,4,2,1,7,5,5,1,0,2,0,1,1,0,0,1,6,11,5,3,2,1,2,4,4,2,3,1,2,3,3,3,0,1,0,1,0,1,1,0,2,2,3,0,0,1,0,2,0,0,4,1,4,4,3,5,3,2,0,1,0,3,4,5,2,4,6,3,0,2,1,2,4,3,3,6,5,7,7,11,3,4,4,7,3,4,4,4,2,1,6,4,3,25,4,8,12,9,7,15,24,15,11,20,21,12,17,24,31,16,20,39,19,21,21,52,20,12,32,17,36,47,22,43,37,33,25,16,23,12,44,47,46,88,42,61,60,78,88,88,18,30,27,56,31,20,33,78,65,29,17,29,14,15,41,37,25,36,23,21,21,30,15,16,24,23,46
Västmanland,plug-in hybrid,0,0,0,0,0,0,0,0,0,0,0,0,0,0,0,0,0,0,0,0,0,0,0,0,0,0,0,0,0,0,0,0,0,0,0,0,0,0,0,0,0,0,0,0,0,0,0,0,0,0,0,0,0,0,0,0,0,0,0,0,0,0,0,0,0,0,0,0,0,0,0,0,0,0,0,0,0,0,0,1,2,2,3,0,1,4,1,0,0,1,0,0,0,0,5,0,2,2,3,4,4,17,5,0,7,2,6,1,1,4,4,3,7,11,1,3,6,3,8,27,0,4,8,8,7,22,5,9,18,20,16,8,12,5,7,8,12,16,22,21,48,24,32,19,21,17,26,40,16,27,36,30,22,18,54,52,37,18,28,23,26,32,24,26,29,44,44,47,86,74,58,31,38,62,93,89,123,93,125,177,100,88,241,81,96,130,77,101,89,121,110,135,115,74,145
Västmanland,ethanol/ethanol flexifuel,32,35,73,36,48,59,42,66,48,33,68,33,54,47,61,51,73,58,57,44,68,111,88,108,76,77,90,89,99,120,54,77,110,142,70,83,35,65,88,77,100,103,54,89,92,77,63,90,51,73,53,64,79,69,45,58,54,68,85,108,14,13,17,28,59,42,18,23,23,50,15,18,14,23,8,17,15,12,11,22,9,13,4,24,1,2,1,5,14,8,4,25,1,14,4,5,2,7,3,7,5,12,0,0,3,10,1,3,0,3,1,2,2,4,0,8,9,8,0,2,5,3,5,5,10,4,0,7,3,3,2,7,3,1,2,3,6,0,2,1,2,2,0,2,4,2,1,1,2,2,0,5,1,1,0,0,0,0,0,0,0,0,0,5,3,0,2,13,0,0,0,1,1,0,0,0,0,0,0,0,0,0,0,2,1,5,3,6,5,7,5,3,0,10,10
Västmanland,gas/gas flex,2,4,3,7,3,2,0,0,1,5,6,0,1,3,0,1,1,3,0,0,1,0,1,0,0,1,0,1,1,0,1,0,0,3,8,2,2,1,6,8,19,17,3,9,14,17,2,16,11,15,15,11,14,8,7,15,5,6,9,4,5,10,12,15,11,9,6,15,23,29,27,6,8,3,7,9,9,7,14,22,11,14,6,21,10,15,8,10,4,2,6,3,5,2,5,9,2,4,3,3,4,9,6,14,15,17,14,7,7,3,8,7,7,14,8,6,17,6,9,16,12,2,6,6,7,5,1,3,8,12,3,5,1,7,8,2,4,1,2,14,10,22,20,10,3,5,4,8,4,3,5,4,5,1,1,3,3,1,0,1,5,8,2,19,23,38,29,13,9,11,20,9,7,15,4,8,8,16,5,7,15,11,0,6,9,3,2,2,2,4,0,3,2,3,7
Västmanland,other fuels,0,0,0,0,0,0,0,0,0,0,0,0,0,0,0,0,0,0,0,0,0,0,0,0,0,0,0,0,0,0,0,0,0,0,0,0,0,0,0,0,0,1,0,0,0,0,0,0,0,0,0,0,0,0,0,0,0,0,0,1,0,0,0,0,0,0,0,0,0,0,0,0,0,0,0,0,0,0,0,0,0,2,0,0,0,0,0,0,0,0,0,0,0,0,0,0,0,0,0,0,0,0,0,0,0,0,0,0,0,0,0,0,0,0,0,0,0,0,0,0,0,0,0,0,0,0,0,0,0,0,0,0,0,0,0,0,0,0,1,0,0,0,0,0,0,0,0,0,1,0,0,0,0,0,0,0,0,0,0,0,0,0,0,0,0,0,0,0,0,0,0,0,0,0,0,0,0,0,0,0,0,0,0,0,0,0,0,0,0,0,0,0,0,0,0
Dalarna,petrol,378,363,497,509,655,618,424,436,535,500,398,405,322,345,469,470,492,484,366,393,310,388,309,274,190,244,299,345,329,286,233,227,229,202,161,113,93,133,152,190,213,250,167,132,173,223,185,148,124,144,227,233,272,258,208,197,210,183,170,199,183,155,191,276,261,249,182,225,181,165,193,163,128,115,182,163,222,211,183,178,167,146,166,128,145,109,164,206,284,230,226,206,226,211,189,164,153,166,182,233,256,254,219,238,244,229,229,156,165,155,220,263,325,322,236,295,245,262,234,229,176,199,261,269,307,361,251,310,290,276,256,324,198,179,258,267,367,413,225,276,284,259,316,278,193,217,321,336,442,719,130,276,190,251,277,323,164,181,258,258,255,346,216,340,272,260,253,596,124,125,190,122,123,208,179,182,210,186,142,148,126,157,241,128,153,166,126,169,127,110,96,92,101,109,108
Dalarna,diesel,113,118,156,132,144,169,139,157,175,205,230,245,212,198,272,241,301,288,240,398,310,353,360,504,140,224,241,297,285,242,182,221,241,211,155,182,100,192,166,215,184,247,166,148,253,276,223,305,214,209,320,369,303,415,272,386,354,365,423,427,324,357,418,440,469,411,291,346,458,376,414,456,308,328,437,379,435,427,285,350,354,396,383,421,235,284,317,376,358,313,240,255,339,392,356,421,220,290,362,367,455,404,354,388,384,404,410,423,261,307,395,447,391,487,357,403,386,533,533,492,274,374,484,426,441,538,315,317,377,417,399,422,253,281,379,338,479,487,323,332,365,345,299,318,199,246,303,312,369,782,62,160,101,131,171,225,181,189,238,254,307,252,180,245,185,227,245,376,61,138,172,142,97,174,162,157,158,163,132,188,109,118,232,95,96,143,91,89,61,94,95,55,57,73,97
Dalarna,electricity,0,0,0,0,0,0,0,0,0,0,0,0,0,0,0,0,0,0,0,0,0,0,0,0,0,0,0,0,0,0,0,0,0,0,0,0,0,0,0,0,0,0,0,1,0,0,0,0,0,0,0,0,0,0,0,0,0,0,0,0,0,3,2,0,0,0,0,0,0,0,0,0,0,1,1,2,1,1,0,0,0,0,0,0,0,0,3,2,1,0,0,1,3,1,3,1,1,2,2,1,2,0,15,2,1,1,3,0,1,3,4,4,8,5,3,1,4,2,3,3,3,1,2,3,3,3,2,1,3,2,4,3,4,3,6,3,7,3,4,4,11,9,2,6,3,4,11,3,2,1,5,8,7,10,30,20,29,14,20,15,23,23,17,13,23,5,19,17,24,27,43,19,7,17,18,24,44,38,45,121,13,18,36,68,52,79,45,70,114,82,78,192,126,96,126
Dalarna,electric hybrid,4,1,0,0,2,2,1,2,3,1,3,1,8,8,2,1,0,1,1,3,1,1,1,5,3,1,3,1,3,2,2,2,2,2,4,0,1,0,1,1,1,1,1,4,9,5,7,5,5,3,6,2,2,3,2,5,6,5,1,2,6,5,1,7,4,1,0,1,1,2,6,4,0,0,3,0,0,2,6,10,5,5,5,6,3,5,4,2,2,3,4,13,3,6,5,2,4,7,4,5,10,5,3,13,5,14,14,11,5,6,13,2,9,11,6,8,13,9,6,23,18,11,16,18,24,15,17,20,13,16,11,18,19,28,39,18,20,32,24,48,35,32,31,50,26,31,86,50,27,95,13,31,33,43,31,55,22,39,43,49,49,78,44,94,71,96,99,107,12,29,29,21,25,19,17,52,83,32,37,50,23,37,46,29,43,67,34,39,36,20,32,40,21,47,51
Dalarna,plug-in hybrid,0,0,0,0,0,0,0,0,0,0,0,0,0,0,0,0,0,0,0,0,0,0,0,0,0,0,0,0,0,0,0,0,0,0,0,0,0,0,0,0,0,0,0,0,0,0,0,0,0,0,0,0,0,0,0,0,0,0,0,0,0,0,0,0,0,0,0,0,0,0,0,0,0,0,0,0,0,1,2,3,1,1,3,0,2,6,0,0,1,1,3,1,1,0,1,0,1,5,3,5,2,8,4,0,4,3,4,3,0,1,2,7,4,9,0,1,3,5,3,11,3,2,9,13,11,17,6,6,11,11,9,8,4,6,5,3,6,12,15,14,17,34,29,18,16,16,26,27,21,12,21,23,12,29,18,16,18,14,25,22,20,10,25,24,35,38,28,34,55,32,48,38,36,40,75,83,92,88,113,167,83,94,192,66,56,100,57,78,99,110,149,107,113,90,116
Dalarna,ethanol/ethanol flexifuel,39,38,51,27,42,59,33,39,57,43,46,39,38,21,30,40,49,55,34,34,54,65,81,57,53,64,66,104,85,86,56,65,93,91,55,47,32,53,49,54,74,118,60,55,83,59,42,60,71,53,34,46,65,58,34,38,52,91,65,66,7,16,11,36,61,19,22,33,28,31,50,27,19,23,23,9,12,23,17,10,16,8,4,2,0,0,3,0,2,2,6,23,5,4,9,3,0,1,2,2,1,3,1,5,3,6,7,0,2,4,3,1,0,0,0,0,1,0,0,0,0,0,0,0,1,2,0,0,1,0,0,0,1,0,0,0,1,0,0,1,0,5,7,8,0,0,1,1,1,0,0,0,0,0,0,0,0,0,0,0,0,0,0,4,8,1,5,12,0,0,0,0,0,1,0,0,0,0,0,0,0,0,0,3,5,7,10,5,3,9,3,5,3,8,13
Dalarna,gas/gas flex,0,0,0,0,0,0,0,0,0,1,0,1,0,1,0,0,0,0,0,0,0,0,0,0,0,0,1,0,0,0,0,1,1,1,0,1,1,0,0,1,1,2,3,0,3,1,1,1,0,0,1,2,1,2,1,0,3,1,0,0,0,0,0,0,0,0,0,0,2,3,3,0,2,0,2,3,0,1,1,0,0,0,0,0,1,0,0,0,0,1,0,0,0,0,0,0,0,0,2,1,0,0,1,0,0,1,1,0,0,0,0,0,0,0,0,1,3,3,0,0,2,0,0,0,0,0,0,0,1,0,0,1,0,2,0,0,1,0,0,3,1,0,0,0,1,1,1,1,2,0,0,5,0,0,1,0,0,1,1,0,1,8,0,54,15,8,12,7,3,12,2,1,1,3,0,0,0,4,0,0,0,0,0,1,0,0,1,1,0,0,0,0,0,0,1
Dalarna,other fuels,0,0,0,0,0,0,0,0,0,0,0,0,0,0,0,0,0,0,0,0,0,0,0,0,0,0,0,0,0,0,0,0,0,0,0,0,0,0,0,0,0,0,0,0,0,0,0,0,1,0,0,0,0,0,0,0,0,0,0,0,0,0,0,1,0,0,0,0,0,0,0,0,0,0,0,1,0,0,1,1,0,0,0,1,0,0,0,0,0,0,0,1,0,0,0,0,0,1,0,1,0,0,0,0,0,0,0,0,0,0,0,1,0,0,0,0,0,0,0,0,0,0,0,0,0,1,1,0,0,1,0,0,0,0,0,0,1,0,0,0,1,0,0,0,0,0,1,1,0,0,0,0,0,0,0,1,0,0,0,0,0,0,0,0,0,0,0,0,0,0,0,0,0,0,0,0,0,0,0,0,0,0,0,0,0,0,0,0,0,0,0,0,0,0,0
Gävleborg,petrol,359,347,451,473,529,500,384,428,444,432,383,359,268,306,385,394,415,429,296,347,329,343,297,192,219,243,283,336,329,307,231,235,224,195,180,150,103,170,143,226,179,232,143,169,196,215,185,159,128,135,257,217,232,251,191,223,233,250,240,193,138,185,223,238,272,173,171,185,197,166,186,168,110,117,174,180,217,151,182,199,147,175,169,141,108,142,186,232,217,189,197,190,248,242,204,163,165,186,205,224,241,258,190,200,272,292,224,201,163,174,243,287,374,328,265,246,277,281,297,241,170,265,322,349,377,326,257,349,389,316,326,355,212,271,318,306,364,386,307,300,285,357,343,292,237,263,357,336,451,700,130,281,225,275,234,201,160,215,246,278,290,312,231,340,244,309,290,449,113,165,200,148,149,177,232,188,160,200,190,213,132,168,351,151,183,183,129,122,130,152,134,110,85,97,141
Gävleborg,diesel,101,87,99,112,131,173,123,122,155,142,176,177,171,185,210,201,241,279,190,244,254,299,306,503,83,214,226,302,295,183,179,147,227,194,171,162,92,142,140,156,165,205,152,163,211,218,231,202,183,218,290,316,321,358,314,339,366,407,390,390,325,348,390,387,500,390,306,444,353,408,469,366,339,334,461,417,411,371,296,353,352,381,368,350,270,231,273,391,378,336,293,299,357,346,363,396,248,300,336,379,403,411,326,339,342,436,297,441,268,323,408,477,380,415,344,388,388,483,452,516,305,341,423,428,451,434,302,327,441,397,439,449,265,340,380,376,440,475,311,349,398,349,331,314,271,291,292,252,343,729,57,159,112,154,177,154,210,195,248,246,233,233,211,228,188,235,249,306,90,164,218,144,109,181,198,170,123,103,133,159,105,141,207,77,138,206,96,111,82,88,62,115,85,86,102
Gävleborg,electricity,0,0,0,0,0,0,0,0,0,0,0,0,0,0,0,0,0,0,0,0,0,0,0,0,0,0,0,0,0,0,0,0,0,0,0,0,2,2,1,0,5,0,0,0,0,0,0,0,0,0,0,0,0,0,0,0,0,0,0,0,0,1,0,0,0,0,0,0,0,0,0,0,0,0,0,0,1,0,0,0,1,0,2,0,0,0,0,1,5,0,0,0,0,0,4,1,3,2,1,1,5,2,3,6,2,5,2,1,2,4,13,9,7,6,2,2,3,11,5,11,7,3,5,17,4,3,3,0,5,1,3,0,3,2,7,1,3,2,8,4,6,7,10,3,5,7,3,1,5,6,8,7,7,9,15,23,23,21,33,28,23,16,8,27,20,10,16,19,28,27,57,34,18,15,20,41,57,29,48,95,37,14,28,58,50,73,49,64,99,70,80,183,96,95,137
Gävleborg,electric hybrid,5,2,1,3,8,5,7,4,6,5,3,5,5,11,3,5,8,6,6,9,5,1,6,9,10,10,3,4,7,5,7,5,8,4,6,4,3,1,3,2,1,3,1,10,13,13,7,6,6,2,8,5,6,5,0,5,6,8,5,9,7,3,7,3,5,1,0,5,1,1,3,3,1,2,4,0,1,2,7,6,5,7,15,9,14,13,4,6,10,8,11,13,11,14,12,10,12,13,16,10,16,17,7,17,17,15,22,16,6,14,17,10,26,27,15,11,17,11,13,27,27,43,36,26,24,30,23,44,49,22,32,29,28,31,45,21,39,29,23,54,52,52,40,34,42,32,40,49,53,74,29,34,33,47,65,31,31,31,48,68,98,48,90,94,101,88,88,146,31,48,41,32,32,29,38,101,72,79,103,76,59,49,87,44,61,68,52,80,46,44,50,57,60,85,77
Gävleborg,plug-in hybrid,0,0,0,0,0,0,0,0,0,0,0,0,0,0,0,0,0,0,0,0,0,0,0,0,0,0,0,0,0,0,0,0,0,0,0,0,0,0,0,0,0,0,0,0,0,0,0,0,0,0,0,0,0,0,0,0,0,0,0,0,0,0,0,0,0,0,0,0,0,0,0,0,0,0,0,0,0,0,3,4,2,1,2,2,0,2,1,1,2,0,1,1,2,1,2,1,2,0,2,7,5,8,1,3,0,0,3,3,1,1,2,5,5,6,3,6,5,6,9,35,4,9,6,12,15,7,7,5,13,14,11,8,10,18,15,5,13,12,18,20,26,29,20,22,22,10,25,21,24,20,18,28,14,16,14,14,10,13,25,18,19,9,20,7,18,19,21,27,37,30,37,38,30,25,47,64,68,81,83,95,65,94,140,43,54,69,47,59,50,90,65,78,72,82,95
Gävleborg,ethanol/ethanol flexifuel,41,36,48,35,50,34,25,38,29,20,46,44,38,49,26,44,54,50,38,35,49,59,65,44,77,63,64,96,84,90,104,75,118,105,80,67,37,70,73,67,85,115,47,37,81,34,49,44,61,46,91,108,76,64,34,52,58,60,65,72,31,18,39,48,33,28,27,43,15,31,49,26,5,11,21,8,21,13,4,20,9,9,10,5,3,1,2,3,6,3,1,9,3,4,11,0,3,2,2,12,13,8,2,25,8,3,14,1,5,6,3,3,5,2,0,0,1,3,2,1,0,1,1,4,3,0,0,0,2,0,1,1,2,2,1,1,2,2,0,1,0,3,2,2,2,9,5,4,7,5,0,25,0,0,1,0,0,0,0,0,1,0,0,0,2,0,2,3,1,0,0,0,1,0,0,0,0,0,0,0,0,0,0,4,2,11,23,4,9,11,6,7,7,8,11
Gävleborg,gas/gas flex,0,0,5,2,0,1,0,0,0,0,1,0,0,0,0,0,0,0,0,0,2,0,0,0,0,0,0,0,0,0,0,0,0,0,0,0,0,0,1,2,0,1,2,0,4,0,3,4,2,1,3,4,5,8,7,3,5,2,1,3,1,2,4,1,0,2,3,3,13,4,5,4,0,2,7,6,1,6,6,4,3,2,3,6,2,2,4,0,4,3,1,2,2,0,3,1,1,2,3,1,2,1,2,2,4,4,0,6,4,2,2,2,5,2,6,3,1,7,1,9,4,7,17,4,2,5,6,0,3,0,3,2,1,2,1,3,5,6,1,5,0,0,0,2,5,1,3,11,3,3,2,2,1,14,1,2,0,3,9,12,14,14,4,8,3,0,1,1,0,0,4,5,1,1,1,3,0,1,1,0,0,0,0,0,1,2,0,0,0,0,0,0,0,0,0
Gävleborg,other fuels,0,0,0,0,0,0,0,0,1,0,0,0,0,0,0,0,0,0,0,0,0,0,0,0,0,0,0,0,0,0,0,0,0,0,0,0,0,0,0,0,0,0,0,0,0,0,0,0,0,0,1,0,0,0,0,0,0,0,0,0,0,1,0,0,0,0,0,0,0,0,0,1,0,0,0,0,0,0,0,0,0,0,0,0,0,0,0,0,0,0,0,0,0,1,0,0,0,0,0,0,0,0,0,0,0,0,0,0,0,0,0,0,0,0,0,0,0,0,0,0,0,0,0,0,0,0,0,0,0,3,0,1,0,0,0,0,0,0,0,1,0,0,0,0,0,0,0,0,0,0,0,0,0,0,0,0,0,0,0,0,0,0,0,0,0,0,0,0,0,0,0,0,0,0,0,0,0,0,0,0,0,0,0,0,0,0,0,0,0,0,0,0,0,0,0
Västernorrland,petrol,240,264,398,413,489,423,284,326,364,340,326,329,253,204,321,324,369,282,257,255,247,307,214,158,148,163,195,212,245,181,158,177,182,154,118,82,61,100,173,136,149,187,102,90,116,153,143,126,82,91,168,152,156,225,149,113,179,140,132,129,97,114,207,186,180,180,125,139,162,148,159,104,73,89,107,116,137,180,125,141,118,149,146,120,97,94,130,155,179,170,158,171,195,158,138,138,119,140,180,224,220,202,142,168,182,230,215,182,122,131,215,206,217,227,183,238,230,190,197,252,151,198,221,257,284,261,175,249,232,255,221,255,136,194,230,222,263,278,217,194,249,248,263,224,206,197,231,267,383,574,85,182,150,179,169,140,104,175,233,211,244,215,197,253,215,215,193,314,97,97,146,110,117,137,127,137,148,134,130,120,60,97,227,90,115,123,98,99,116,87,103,88,62,72,74
Västernorrland,diesel,77,83,149,108,153,161,106,129,146,129,163,191,196,185,195,200,187,227,195,210,203,254,323,455,103,201,218,284,238,194,184,173,234,215,166,169,106,128,165,188,136,182,172,141,160,253,218,225,184,221,278,285,255,357,289,328,294,366,386,432,388,350,434,428,465,413,284,402,362,348,455,328,305,383,418,328,394,412,340,366,372,414,452,391,263,278,271,364,415,367,256,356,392,370,343,402,324,319,381,387,465,450,322,296,434,435,404,384,296,317,445,463,433,523,391,454,415,474,511,526,330,384,451,522,529,553,319,391,404,366,394,483,269,381,423,377,435,498,319,384,404,386,382,332,226,305,376,312,486,1115,53,198,125,190,261,255,198,216,240,227,250,245,201,251,194,228,189,421,59,119,135,133,110,148,147,161,233,143,131,138,102,154,284,60,151,171,81,81,58,58,89,88,87,77,79
Västernorrland,electricity,0,0,0,0,0,0,0,0,0,0,0,0,0,0,0,0,0,0,0,0,0,0,0,0,0,0,0,0,0,0,0,0,0,0,0,0,0,0,0,0,0,0,0,0,0,0,0,0,0,0,0,0,0,0,0,0,0,0,0,0,0,0,2,1,0,0,0,0,0,0,0,1,0,0,2,0,0,0,0,0,1,1,0,0,0,0,0,0,0,0,0,0,1,0,1,0,0,0,0,1,0,0,1,0,2,1,0,1,1,4,3,2,6,8,13,4,4,7,2,1,1,1,3,4,3,0,0,3,2,2,3,7,1,1,7,9,2,5,7,5,4,4,4,3,2,3,14,2,16,11,7,8,6,6,19,5,10,23,37,30,12,20,12,25,8,10,10,25,16,19,15,16,9,11,9,19,43,23,23,85,7,18,21,49,37,72,36,74,95,44,63,159,93,97,128
Västernorrland,electric hybrid,2,3,6,0,3,5,1,2,2,1,2,0,2,3,1,0,2,3,0,2,2,2,2,2,1,4,1,3,6,4,0,3,2,2,3,3,3,1,0,0,0,1,0,3,6,6,4,3,3,4,4,3,2,3,1,3,5,5,3,2,2,0,2,3,1,3,1,5,1,0,1,2,0,0,1,0,0,2,7,1,1,3,3,1,7,2,4,1,2,0,5,8,9,4,4,5,8,4,0,2,3,9,2,6,6,8,8,13,3,6,10,3,4,13,7,6,8,12,9,15,15,14,14,16,10,9,7,22,18,17,24,16,12,26,20,18,23,24,27,26,31,36,34,28,14,21,16,30,43,68,28,22,27,23,33,20,23,21,20,29,25,35,36,66,81,60,71,100,8,27,35,23,31,29,20,39,74,27,39,44,23,25,53,26,38,40,15,36,40,24,32,45,35,36,46
Västernorrland,plug-in hybrid,0,0,0,0,0,0,0,0,0,0,0,0,0,0,0,0,0,0,0,0,0,0,0,0,0,0,0,0,0,0,0,0,0,0,0,0,0,0,0,0,0,0,0,0,0,0,0,0,0,0,0,0,0,0,0,0,0,0,0,0,0,0,0,0,0,0,0,0,0,0,0,0,0,0,0,0,0,2,0,3,1,1,2,0,1,4,3,1,1,0,0,0,2,0,1,1,3,2,7,7,5,4,4,6,10,4,1,4,3,3,3,7,4,4,5,3,3,3,8,23,3,8,11,12,8,18,10,6,19,9,12,12,12,6,7,6,23,7,16,20,31,33,31,24,18,12,13,12,13,13,16,13,11,20,10,9,19,18,19,5,12,10,9,14,13,12,18,20,32,33,30,22,26,33,48,57,69,80,67,108,61,79,118,47,59,90,52,65,57,110,78,65,93,83,92
Västernorrland,ethanol/ethanol flexifuel,58,46,57,51,53,56,33,71,40,38,52,39,45,42,54,57,55,38,40,27,48,134,67,87,88,91,120,107,123,106,83,100,103,119,94,74,69,127,75,63,79,76,71,82,97,57,54,48,44,45,95,58,58,61,57,38,54,75,67,51,31,23,34,37,51,32,35,50,30,25,52,22,20,24,16,23,22,26,15,30,18,19,13,5,11,17,17,7,18,15,4,0,3,5,13,5,27,30,15,27,22,11,12,17,22,22,35,21,4,10,7,5,7,4,4,7,18,10,7,4,1,0,4,1,2,17,1,1,13,4,2,1,14,1,6,0,5,3,0,1,9,3,8,13,0,0,16,3,2,6,0,50,0,0,0,0,0,0,0,0,0,0,0,13,7,8,9,34,0,0,0,0,0,0,0,1,0,0,0,0,0,0,0,3,4,7,14,1,10,15,10,10,0,19,13
Västernorrland,gas/gas flex,0,0,0,0,0,0,0,0,0,0,1,0,0,0,0,0,0,1,0,0,1,0,0,1,0,0,0,0,0,0,0,0,0,1,0,0,1,0,0,1,1,0,3,0,4,5,4,2,4,6,5,1,6,11,1,2,6,10,0,6,12,4,19,8,25,15,4,21,9,5,2,1,2,1,3,2,0,4,1,3,1,3,6,3,1,0,2,2,1,1,1,2,0,2,3,1,2,3,16,7,3,1,0,1,11,4,0,2,2,7,6,4,4,8,2,4,3,4,5,3,4,1,4,5,3,11,1,11,12,6,9,13,8,1,3,0,1,0,1,1,11,1,8,3,2,2,0,4,1,2,0,6,0,1,3,1,3,1,0,2,1,1,2,17,25,2,27,4,2,15,3,2,1,2,4,17,0,1,0,0,0,0,1,0,0,2,0,2,0,0,0,0,0,0,0
Västernorrland,other fuels,0,0,0,0,0,0,0,0,0,0,0,0,0,0,0,0,0,0,0,0,0,0,0,0,0,0,0,0,0,1,0,0,0,0,0,0,0,0,0,0,0,0,0,0,0,0,0,0,0,0,0,0,0,0,0,0,0,1,0,0,0,0,0,1,0,0,0,0,0,0,0,0,0,0,0,0,0,0,0,0,0,0,0,0,0,0,0,0,0,0,0,0,0,0,0,0,0,0,0,0,0,0,0,0,0,0,0,0,0,0,0,0,0,0,0,0,0,0,0,0,0,0,0,0,0,0,0,0,0,0,0,1,0,0,0,0,0,0,0,0,0,0,0,0,0,0,0,0,0,0,0,0,0,0,0,0,0,0,0,0,0,0,0,0,0,0,0,0,0,1,0,0,0,0,0,0,0,0,0,0,0,0,0,0,0,1,0,0,0,0,0,0,0,0,0
Jämtland,petrol,116,94,135,115,140,186,97,136,157,134,156,131,213,157,108,85,125,139,95,101,93,95,100,71,58,58,83,64,73,67,60,84,74,67,60,75,39,63,56,66,60,64,41,47,39,43,47,44,30,35,62,55,57,79,49,35,61,59,49,63,35,44,52,45,71,43,47,57,47,41,35,53,25,40,33,43,39,73,67,42,38,45,49,30,37,30,47,45,63,43,46,63,50,53,50,35,46,53,46,60,64,74,37,54,78,51,53,72,37,52,48,54,71,95,53,67,80,44,64,81,56,64,75,56,70,98,64,65,77,66,88,103,40,60,78,73,90,98,90,83,93,87,87,87,67,48,91,94,114,370,22,70,40,69,69,99,61,73,86,63,84,87,53,76,59,69,80,127,20,29,41,32,37,45,51,56,50,53,36,73,37,52,91,33,34,47,43,29,26,36,82,45,28,18,26
Jämtland,diesel,50,50,61,67,75,69,52,70,75,71,99,93,130,97,130,80,137,103,86,123,97,104,135,255,54,99,128,101,147,125,114,89,96,93,89,98,64,73,84,88,94,116,84,60,138,126,116,128,87,119,149,143,135,172,103,146,171,149,147,197,123,170,185,175,209,164,155,138,176,162,198,200,141,211,186,134,170,183,130,157,140,156,189,217,112,118,163,172,186,144,137,163,161,187,232,233,134,170,156,158,232,208,221,169,191,203,152,207,128,176,180,208,159,254,160,163,182,194,230,300,130,130,177,215,209,270,149,162,152,170,186,289,125,206,245,160,205,214,142,151,188,183,151,225,123,150,167,132,193,834,26,92,44,64,77,147,74,109,101,77,87,79,75,118,74,71,97,234,23,51,54,57,45,51,66,76,95,83,67,111,58,55,172,21,54,78,51,44,21,38,99,156,28,47,35
Jämtland,electricity,0,0,0,0,0,0,0,0,0,0,0,0,0,0,0,0,0,0,0,0,0,0,0,0,0,0,0,0,0,0,0,0,0,0,0,0,0,0,0,0,0,0,0,0,0,0,0,0,0,0,0,0,0,0,0,0,0,0,0,0,0,0,5,2,2,0,0,0,0,0,0,0,0,0,0,0,0,0,1,0,0,0,0,2,1,0,0,0,0,0,0,4,0,1,4,2,0,6,4,2,0,0,1,3,0,2,0,0,1,7,11,0,19,7,3,8,4,9,3,1,6,6,3,7,3,1,1,4,7,4,3,4,1,2,14,12,9,6,5,5,4,1,1,4,9,4,12,12,4,1,7,1,5,12,21,5,12,9,17,17,10,28,6,8,14,4,7,19,4,16,21,12,5,7,13,21,34,14,16,52,14,11,16,27,29,32,12,38,40,32,42,106,34,36,71
Jämtland,electric hybrid,2,0,0,2,3,1,0,0,4,2,2,2,1,1,1,1,2,2,0,0,1,2,1,1,0,2,1,1,4,2,1,2,0,0,0,1,0,0,0,1,0,1,1,1,3,1,0,2,0,1,2,1,1,1,1,2,0,2,0,1,0,0,0,0,0,1,0,0,0,0,1,0,0,2,1,0,0,0,3,0,0,1,1,2,2,2,0,3,1,1,3,9,6,2,1,0,7,1,3,2,4,2,8,6,2,3,5,5,2,0,5,2,3,4,4,3,2,12,2,7,4,13,5,10,4,4,5,18,31,13,10,11,11,7,11,4,15,6,2,10,11,12,19,16,14,4,4,6,9,21,3,4,8,9,27,4,6,11,8,9,9,3,9,16,19,24,35,48,3,8,4,2,2,2,6,11,23,14,12,4,11,9,13,13,6,21,13,13,20,7,6,18,13,25,17
Jämtland,plug-in hybrid,0,0,0,0,0,0,0,0,0,0,0,0,0,0,0,0,0,0,0,0,0,0,0,0,0,0,0,0,0,0,0,0,0,0,0,0,0,0,0,0,0,0,0,0,0,0,0,0,0,0,0,0,0,0,0,0,0,0,0,0,0,0,0,0,0,0,0,0,0,0,0,0,0,0,0,0,2,0,0,2,0,0,0,0,1,0,3,1,0,0,0,1,0,1,3,7,1,1,5,8,1,9,11,1,3,6,7,4,4,3,1,3,5,4,4,6,2,10,8,23,0,2,8,5,6,13,13,2,0,8,6,6,2,15,3,2,3,9,12,5,7,13,15,17,2,12,11,12,6,21,3,7,6,10,4,7,6,7,9,4,1,4,3,8,7,9,8,10,16,7,7,11,4,4,20,9,28,27,29,49,34,24,44,12,23,42,19,25,45,28,38,23,26,27,38
Jämtland,ethanol/ethanol flexifuel,14,15,12,5,23,16,16,25,17,19,20,19,11,7,11,6,17,21,8,8,18,30,37,34,47,72,17,10,21,45,40,15,56,41,27,52,13,51,21,22,13,33,9,9,27,29,42,24,19,32,26,14,11,17,14,14,10,24,27,18,0,4,3,2,3,5,5,5,12,2,10,4,2,9,0,1,1,2,2,1,0,1,0,0,2,0,0,12,0,0,1,0,1,1,0,0,0,1,1,1,0,1,0,0,0,0,10,5,0,0,1,0,0,2,0,1,9,0,0,0,0,0,0,0,10,14,0,1,0,1,0,4,1,0,0,1,1,0,1,0,0,0,1,0,1,2,0,1,0,1,0,0,0,0,0,0,0,0,0,0,0,0,0,2,2,0,3,3,0,1,0,0,0,0,0,0,0,0,0,0,0,0,0,1,5,4,4,2,3,3,6,4,2,4,6
Jämtland,gas/gas flex,0,0,0,0,0,0,0,0,0,0,1,0,13,14,3,3,0,2,5,4,0,0,7,2,2,8,1,2,0,2,0,1,3,1,3,0,0,2,1,2,8,4,4,4,2,0,2,1,4,3,4,0,1,0,1,1,3,0,0,0,0,0,1,1,3,0,0,5,0,1,1,1,0,2,2,1,5,1,1,1,1,1,0,0,0,1,2,0,2,1,0,1,0,0,2,6,6,1,8,5,2,5,2,7,0,2,4,0,0,5,3,1,3,3,2,0,8,3,3,1,0,0,0,0,3,0,0,2,2,0,1,3,5,0,1,2,0,2,2,0,0,1,2,3,1,5,10,0,3,0,0,0,6,1,0,1,0,5,0,2,11,2,1,1,3,2,2,5,8,0,6,2,4,0,4,1,5,4,0,10,1,10,0,2,1,9,0,1,2,3,0,2,3,0,0
Jämtland,other fuels,0,0,0,0,0,0,0,0,0,1,0,0,0,0,0,0,0,0,0,0,0,0,0,0,0,0,0,0,0,0,0,0,0,0,0,0,0,0,1,0,1,0,0,0,0,0,0,0,0,0,0,0,0,0,0,0,0,0,0,0,0,0,0,0,0,0,0,0,0,0,0,0,0,1,0,0,0,0,0,0,0,0,0,0,0,0,0,0,0,0,0,0,0,0,0,0,0,0,0,0,0,0,0,0,0,1,0,0,0,0,0,0,0,0,0,0,0,0,0,0,0,0,0,0,0,0,0,0,0,0,0,0,0,0,0,0,0,0,0,1,0,0,0,0,0,0,0,0,0,0,0,0,0,0,0,0,0,0,0,0,0,0,0,0,0,0,0,1,0,0,0,0,0,0,0,0,0,0,0,0,0,0,0,0,0,0,0,0,0,0,0,1,0,0,0
Västerbotten,petrol,281,239,318,366,390,333,225,280,255,287,250,221,199,214,310,245,264,282,204,228,212,209,202,158,121,166,157,211,214,159,144,158,190,135,97,115,64,89,118,112,119,152,91,101,115,126,111,109,100,91,146,118,139,181,118,139,138,98,113,123,91,101,146,130,164,146,108,122,128,122,118,134,74,75,95,87,150,151,110,129,103,111,159,120,83,107,112,153,211,139,104,179,151,149,148,139,113,127,149,176,174,200,154,156,186,173,152,139,129,137,210,168,199,179,177,216,217,196,221,267,125,194,205,260,244,257,206,259,246,210,211,272,148,210,252,246,222,271,169,215,276,257,257,184,192,200,316,264,283,599,73,212,152,158,165,195,140,155,182,206,208,192,155,264,250,205,195,361,75,90,137,117,105,151,157,157,204,147,143,148,91,98,180,91,106,146,80,92,105,58,74,69,72,65,90
Västerbotten,diesel,109,86,153,138,135,155,118,155,160,146,184,194,166,182,228,225,226,211,175,199,211,304,331,532,139,219,176,270,301,190,165,195,200,219,158,154,95,111,137,144,177,217,152,139,208,232,250,191,172,211,309,342,309,354,210,280,297,280,356,354,282,349,420,347,484,378,298,351,351,391,380,333,293,297,388,316,426,369,256,315,291,338,333,409,245,254,294,348,369,314,246,319,340,333,276,415,244,302,333,415,414,403,259,315,331,328,352,315,273,306,436,456,369,435,325,390,333,391,448,508,269,341,377,440,400,556,285,316,343,330,392,456,324,331,399,342,366,445,257,348,311,282,270,306,201,221,296,261,337,746,59,160,121,132,145,197,143,166,197,205,216,196,129,220,134,167,159,354,44,80,118,78,78,99,98,120,101,104,77,116,77,105,183,55,93,134,74,91,52,65,54,66,57,69,55
Västerbotten,electricity,0,0,0,0,0,0,0,0,0,0,0,0,0,0,0,0,0,0,0,0,0,0,0,0,0,0,0,0,0,0,0,0,0,0,0,0,0,0,0,0,0,0,0,0,1,0,0,0,0,0,0,0,0,0,0,0,0,0,0,0,0,0,1,0,0,1,0,0,0,0,0,0,0,0,0,1,0,0,0,0,0,1,0,0,0,1,0,0,0,1,0,0,1,2,1,2,0,1,1,0,0,2,0,1,1,3,1,2,0,1,5,10,8,5,2,2,0,3,3,2,3,2,4,5,3,4,1,3,6,4,5,9,5,4,11,10,12,8,3,10,18,3,2,4,2,16,10,5,4,2,14,7,7,8,11,11,14,9,40,10,15,23,9,9,21,9,11,17,23,34,41,17,7,26,21,47,46,45,44,105,23,22,27,74,59,105,47,94,139,63,81,194,115,96,188
Västerbotten,electric hybrid,3,3,0,5,4,3,1,0,2,1,2,3,6,6,1,4,3,6,4,7,2,2,1,4,7,1,2,4,6,5,3,5,3,2,2,3,4,2,4,1,2,1,1,5,8,11,2,5,0,4,8,3,6,2,1,8,5,5,8,3,2,0,6,4,5,3,1,2,7,8,6,0,8,0,2,1,2,3,8,8,9,10,5,9,6,8,8,1,5,3,3,5,14,16,2,13,15,12,7,14,12,16,7,10,21,21,13,23,11,12,28,16,10,21,7,16,28,34,14,26,23,18,37,10,17,23,10,27,57,35,23,31,28,29,47,32,22,24,19,34,40,48,28,25,29,26,50,32,28,58,14,31,37,61,56,20,20,30,29,33,47,33,48,63,54,64,82,129,22,27,32,19,16,34,27,77,85,55,44,52,39,32,58,30,50,61,35,51,58,29,31,30,28,63,74
Västerbotten,plug-in hybrid,0,0,0,0,0,0,0,0,0,0,0,0,0,0,0,0,0,0,0,0,0,0,0,0,0,0,0,0,0,0,0,0,0,0,0,0,0,0,0,0,0,0,0,0,0,0,0,0,0,0,0,0,0,0,0,0,0,0,0,0,0,0,0,0,0,0,0,0,0,0,0,0,0,0,0,0,0,1,2,1,2,2,0,1,1,3,1,1,1,2,2,0,1,1,1,0,0,4,2,3,5,6,5,3,3,1,3,2,3,2,2,7,5,7,6,1,0,7,6,13,0,7,21,9,14,10,7,11,14,17,14,16,7,15,9,12,8,11,21,21,19,26,33,22,18,18,18,24,12,13,17,16,24,19,8,17,18,19,26,17,9,21,14,14,18,29,23,38,36,54,39,33,32,48,78,67,85,88,85,129,129,105,232,38,69,91,58,69,89,85,93,78,92,102,94
Västerbotten,ethanol/ethanol flexifuel,61,41,56,36,36,42,30,53,31,58,38,34,42,33,46,38,65,50,39,42,37,61,82,52,45,81,47,73,69,138,77,87,104,145,79,61,51,87,69,83,81,93,27,45,87,63,59,29,39,55,67,59,54,49,40,45,53,40,65,47,13,22,20,22,26,17,16,38,25,34,25,11,6,10,11,11,13,11,5,3,3,2,4,2,3,10,1,2,2,6,2,0,4,3,1,1,2,2,6,11,5,8,1,6,7,0,3,14,25,19,11,0,3,5,3,1,1,2,2,1,2,6,1,2,0,12,0,0,0,0,0,1,0,1,7,0,0,0,0,0,1,0,1,8,12,12,1,6,10,7,2,5,0,0,1,0,0,0,0,0,0,0,0,8,8,3,5,34,0,1,0,0,0,0,0,0,0,0,0,0,0,0,0,2,2,3,6,6,12,9,3,5,3,14,8
Västerbotten,gas/gas flex,0,1,0,2,0,0,0,0,0,1,0,0,0,0,1,0,1,0,0,0,0,0,0,0,0,0,0,1,1,0,0,0,0,0,2,0,0,1,4,2,5,11,3,0,1,8,7,2,1,2,6,2,3,5,3,3,2,1,3,2,7,2,3,2,4,2,0,3,2,2,2,3,6,4,3,3,4,4,2,2,0,6,3,0,0,6,1,2,3,0,3,5,2,1,1,3,0,0,0,0,1,0,1,3,5,5,3,3,4,5,18,3,3,3,1,13,4,3,1,5,1,2,7,2,2,6,1,1,1,0,2,4,4,0,1,1,0,1,0,0,1,2,5,2,0,0,0,0,1,0,1,6,0,1,0,1,1,0,0,0,2,0,1,4,3,6,0,0,0,4,4,0,0,0,0,5,0,1,1,0,0,0,0,0,0,1,0,6,0,2,1,0,0,0,0
Västerbotten,other fuels,0,0,0,0,0,0,0,0,0,0,0,0,0,0,0,0,0,0,0,0,0,0,0,0,0,0,0,0,0,0,0,0,0,0,0,0,0,0,0,0,0,0,0,0,0,0,0,0,0,0,0,0,0,0,0,0,0,0,0,0,0,0,0,0,0,0,0,0,0,0,0,0,0,0,0,0,0,0,1,1,0,0,0,1,0,0,0,0,0,0,0,1,0,0,1,0,0,0,1,0,0,0,0,0,0,0,1,0,0,0,0,0,0,0,0,0,0,0,0,0,0,0,0,0,0,0,0,0,0,0,0,0,0,0,0,0,0,0,0,0,0,0,0,0,0,0,0,0,0,0,0,0,0,1,0,0,0,0,0,0,0,0,0,0,0,0,0,0,0,0,0,0,0,0,0,0,0,0,0,0,0,0,0,0,1,0,0,0,0,0,0,1,0,0,1
Norrbotten,petrol,249,272,375,290,362,360,234,321,290,306,286,228,220,191,274,236,324,298,192,215,198,239,186,139,168,140,138,193,230,203,141,173,168,147,121,97,83,112,123,115,122,147,94,94,110,125,101,120,117,91,148,130,155,176,111,113,131,124,106,138,94,70,123,113,143,97,96,116,118,127,141,115,76,71,85,92,142,145,109,151,127,100,130,88,95,97,65,108,175,149,106,163,114,139,131,158,102,148,188,166,148,165,110,157,118,137,159,118,100,117,169,137,167,197,166,155,140,178,175,186,108,87,175,163,175,204,137,142,155,170,169,148,112,124,144,142,217,227,137,145,181,138,161,189,166,146,171,169,236,320,49,117,90,96,100,110,124,100,122,122,173,171,138,161,140,137,138,250,32,81,78,98,76,91,99,96,95,94,99,106,58,86,164,45,57,71,51,38,70,59,52,40,56,50,67
Norrbotten,diesel,135,99,191,125,174,167,145,130,155,161,190,229,223,204,238,184,236,267,192,275,182,255,291,535,103,208,165,238,219,188,141,190,187,177,148,138,135,144,178,144,132,182,170,182,195,213,244,195,210,247,310,322,268,322,250,266,292,292,347,405,291,283,353,329,446,363,252,356,338,321,415,329,424,385,391,312,361,382,272,332,319,346,406,426,357,209,289,314,320,286,271,320,339,326,396,366,302,300,324,318,361,398,290,349,358,373,368,388,266,308,369,355,404,364,308,346,324,321,429,543,296,339,352,339,377,454,258,261,279,247,339,388,210,265,292,232,279,360,232,232,245,261,235,289,182,205,257,211,283,440,42,93,86,88,89,133,109,101,137,147,192,221,158,241,92,121,113,365,43,75,84,70,64,102,94,105,114,120,94,171,89,132,205,48,92,172,92,91,64,49,74,61,77,76,54
Norrbotten,electricity,0,0,0,0,0,0,0,0,0,0,0,0,0,0,0,0,0,0,0,0,0,0,0,0,0,0,0,0,0,0,0,0,0,0,0,0,0,0,0,0,0,0,0,0,0,0,0,0,0,0,0,0,0,0,0,0,0,0,0,0,0,0,1,0,0,0,0,0,0,0,0,0,0,0,0,0,0,0,0,0,0,0,1,0,0,1,0,0,0,0,0,0,0,0,1,1,2,1,1,2,1,0,0,0,0,0,1,1,0,0,1,0,0,5,2,1,0,1,2,0,2,2,2,2,3,8,0,0,5,1,2,3,2,4,12,2,4,4,3,7,8,2,1,4,1,2,7,3,2,3,0,2,4,2,11,11,12,10,24,13,18,15,12,11,19,4,15,16,9,12,24,9,10,18,8,29,44,32,33,64,7,20,43,47,38,76,37,69,103,46,72,137,82,76,142
Norrbotten,electric hybrid,3,0,2,1,3,2,1,5,1,0,1,0,1,2,2,1,0,0,5,1,0,1,1,1,4,2,2,1,3,4,1,3,4,3,0,0,0,1,1,0,0,5,1,3,8,6,1,4,8,0,2,2,2,1,2,4,2,5,5,4,1,5,2,5,2,3,0,2,1,1,0,3,1,2,0,0,0,4,8,1,4,5,2,2,4,1,3,4,2,1,3,9,7,10,9,6,5,2,4,5,6,5,1,8,10,11,11,13,10,11,9,4,4,8,13,9,12,6,22,16,12,19,28,19,23,19,12,38,37,22,19,26,28,26,27,18,15,14,26,46,33,30,29,32,42,30,46,23,25,67,7,42,30,26,38,22,42,31,33,33,38,70,48,80,69,82,96,156,17,27,19,26,12,16,23,85,74,42,49,37,39,34,62,32,49,49,38,28,35,33,24,37,68,51,56
Norrbotten,plug-in hybrid,0,0,0,0,0,0,0,0,0,0,0,0,0,0,0,0,0,0,0,0,0,0,0,0,0,0,0,0,0,0,0,0,0,0,0,0,0,0,0,0,0,0,0,0,0,0,0,0,0,0,0,0,0,0,0,0,0,0,0,0,0,0,0,0,0,0,0,0,0,0,0,0,0,0,0,0,0,0,3,1,0,3,1,0,2,4,3,2,0,3,0,0,1,1,1,2,3,0,2,8,3,11,3,3,3,6,2,4,1,2,4,3,3,6,4,1,4,4,3,12,0,3,8,5,9,6,3,3,7,5,7,7,10,4,6,2,11,9,14,12,8,22,19,12,7,14,15,12,11,10,7,18,10,16,4,16,12,16,18,5,6,13,8,10,18,13,16,11,26,15,26,13,21,13,35,32,59,43,49,58,54,62,116,28,50,59,29,38,57,68,53,37,37,51,54
Norrbotten,ethanol/ethanol flexifuel,35,31,33,25,26,25,23,61,46,44,32,34,34,15,24,28,35,31,30,26,30,35,42,34,84,39,35,42,93,79,48,62,66,71,60,65,29,24,49,25,59,52,24,33,73,53,54,21,25,27,27,18,45,33,18,20,59,21,58,59,12,12,13,11,21,8,12,23,13,27,30,9,3,1,5,8,21,9,7,5,2,8,6,3,2,0,0,0,1,0,4,1,1,1,1,1,16,2,1,0,2,0,2,1,2,1,1,0,1,0,0,0,0,0,0,0,0,1,0,0,0,0,0,0,0,0,0,0,0,1,0,0,0,0,0,0,0,0,0,0,0,0,0,0,0,0,0,0,0,0,0,0,0,0,0,0,0,0,0,0,0,0,0,3,1,0,1,3,0,1,0,0,0,0,0,0,0,0,0,0,0,0,1,2,2,7,11,4,6,5,5,5,0,5,8
Norrbotten,gas/gas flex,1,0,0,0,0,0,0,0,0,0,0,0,0,0,1,0,0,0,0,0,0,0,5,0,0,0,0,0,0,0,0,0,1,2,1,0,0,1,1,1,1,4,0,1,2,1,1,0,1,1,0,0,2,1,1,0,0,1,0,0,0,0,1,0,0,0,0,0,1,1,0,0,0,1,0,1,2,1,0,1,0,0,0,0,0,1,0,0,0,0,0,0,0,1,0,0,0,0,0,0,1,0,0,3,3,3,3,6,5,3,3,4,15,4,2,4,6,0,1,2,0,2,5,5,3,7,0,1,4,2,0,0,2,3,3,0,1,0,0,6,0,0,0,3,4,2,1,6,5,5,1,2,0,0,0,0,0,1,2,2,0,6,0,7,3,25,0,0,1,0,0,0,0,6,0,0,0,6,7,3,1,0,1,0,0,1,0,0,0,0,0,0,0,1,0
Norrbotten,other fuels,0,0,0,0,0,0,0,0,0,0,0,0,0,0,0,0,0,0,0,0,0,0,0,0,0,0,0,0,0,0,0,0,0,0,0,0,0,0,0,0,0,0,0,0,0,0,0,0,0,0,1,0,0,0,0,0,0,0,0,0,0,0,0,0,0,0,0,0,0,0,0,0,0,0,0,0,0,0,0,0,0,0,1,0,0,0,0,0,0,0,0,0,0,1,0,0,0,0,0,0,0,0,0,0,0,0,0,0,0,0,0,0,0,0,0,0,0,0,0,0,0,1,0,2,0,1,0,0,0,0,0,0,0,0,0,0,0,0,1,0,0,0,0,0,0,0,0,0,0,0,0,0,0,0,0,0,0,0,0,0,1,0,0,0,0,0,0,0,0,0,0,0,0,0,0,0,0,0,0,0,0,0,0,0,0,0,0,0,0,0,0,0,0,0,0
